{"playerPos":{"x":30,"y":84,"z":0},"tileDataGrid":[[1,1,1,1,1,1,1,1,1,1],[1,1,1,1,1,1,1,1,1,1],[5,5,5,5,5,39,1,1,1,1],[0,0,0,0,0,7,39,1,1,1],[0,0,0,0,0,0,7,5,5,39],[0,0,0,0,0,0,0,0,0,2],[0,0,0,0,0,0,0,0,0,2],[0,0,0,0,0,0,0,0,32,42],[4,4,4,4,4,4,4,4,42,1],[5,5,5,5,5,5,5,5,5,39],[0,0,0,0,0,0,0,0,0,2],[0,0,0,0,0,0,0,13,0,2],[0,0,0,0,0,0,0,15,0,2],[0,0,0,0,0,0,0,15,0,2],[0,0,0,0,0,0,0,2,4,42],[0,0,0,0,0,0,0,7,5,5],[0,0,0,0,0,0,0,0,0,0],[0,0,0,0,0,0,0,0,0,0],[0,0,0,0,0,0,0,0,0,0],[0,0,0,0,0,0,0,0,0,0],[0,0,0,0,0,0,0,0,0,0],[0,0,0,0,0,0,0,0,0,0]],"barriers":[[4,147,-267,0,145,151,1,1,0],[4,-263,-419,0,145,151,-1,1,0],[4,-105,-418,0,145,151,-1,1,0],[7,263.58333333333337,331.29166666666674,180,85,36,0.8,0.8,"sw:1"],[8,226,220.70833333333326,-90,85,36,0.8,0.8,"sw:21"],[0,249,57,0,164,164,0.3,0.3,0],[3,31.25,-373.95833333333337,0,164,184,0.5,0.5,"sw:1"],[14,-245.91666666666666,-212.79166666666674,0,164,164,0.6,0.6,"sw:21"]],"playerDirection":1}