{"playerPos":{"x":-266.0411622276029,"y":-367.7360774818402,"z":0},"tileDataGrid":[[1,1,1,1,1,1,1,1,1,1],[1,1,1,1,1,1,1,1,1,1],[1,1,1,1,1,1,1,1,1,1],[5,5,5,16,1,17,5,5,5,5],[0,0,0,2,1,3,0,0,0,0],[0,0,0,2,1,3,0,0,0,0],[0,0,0,2,1,3,0,0,0,0],[0,0,0,2,1,3,0,0,0,0],[0,0,0,2,1,3,0,0,0,0],[0,0,0,2,1,3,0,0,0,0],[0,0,0,2,1,3,0,0,0,0],[33,0,0,7,5,6,0,0,32,4],[41,33,0,0,0,0,0,32,42,1],[1,41,4,4,4,4,4,42,1,1],[1,1,1,1,1,1,1,1,1,1],[1,1,1,1,1,1,1,1,1,1],[1,1,1,1,1,1,1,1,1,1],[1,1,1,1,1,1,1,1,1,1],[1,1,1,1,1,1,1,1,1,1],[1,1,1,1,1,1,1,1,1,1],[0,0,0,0,0,0,0,0,0,0],[0,0,0,0,0,0,0,0,0,0]],"barriers":[[4,216.27360774818408,-344.49636803874097,0,145,151,1,1,0]]}