{"playerPos":{"x":36.421686746987916,"y":-67.96385542168684,"z":0},"tileDataGrid":[[1,1,1,1,1,1,1,1,1,1],[1,1,1,1,1,1,1,1,1,1],[1,1,1,1,1,1,1,1,1,1],[1,1,40,5,5,5,5,5,39,1],[1,40,31,0,0,0,0,0,34,39],[1,3,0,0,0,0,0,0,0,2],[1,3,0,0,0,0,0,0,0,2],[1,3,0,9,4,11,0,0,0,2],[5,6,0,2,3,0,0,0,0,7],[0,0,0,2,3,0,0,0,0,0],[0,0,0,2,3,0,0,0,0,0],[0,0,0,2,3,0,0,0,0,0],[0,0,0,7,6,0,0,0,0,0],[0,0,0,0,0,0,0,0,0,0],[0,0,0,0,0,0,0,0,0,0],[0,0,0,0,0,0,0,0,0,0],[0,0,0,0,0,0,0,0,0,0],[0,0,0,0,0,0,0,0,0,0],[0,0,0,0,0,0,0,0,0,0],[0,0,0,0,0,0,0,0,0,0],[0,0,0,0,0,0,0,0,0,0],[0,0,0,0,0,0,0,0,0,0]],"barriers":[[4,-61.819277108433766,-346.39759036144585,0,118,149,-1,1,0],[4,-290.9879518072289,30.57831325301197,0,118,149,-1,1,0]]}