{"playerPos":{"x":-247.42105263157896,"y":-364.6616541353383,"z":0},"tileDataGrid":[[1,1,1,1,1,1,1,1,1,1],[1,1,1,1,1,1,1,1,1,1],[1,1,1,1,1,1,1,1,1,1],[5,5,5,5,5,16,17,5,5,16],[0,0,0,0,0,2,3,0,0,2],[0,0,0,0,0,7,6,0,0,7],[0,0,0,0,0,0,0,0,0,0],[0,0,0,0,0,0,0,0,0,0],[0,0,0,0,0,0,0,0,0,0],[0,0,0,0,0,0,0,0,0,0],[0,0,0,0,0,0,0,0,0,0],[0,0,0,0,0,0,0,0,0,0],[0,0,0,0,0,0,0,0,0,0],[0,0,0,0,0,0,0,0,0,0],[0,0,0,0,0,0,0,0,0,0],[0,0,0,0,0,0,0,0,0,0],[0,0,0,0,0,0,0,0,0,0],[0,0,0,0,0,0,0,0,0,0],[0,0,0,0,0,0,0,0,0,0],[0,0,0,0,0,0,0,0,0,0],[0,0,0,0,0,0,0,0,0,0],[0,0,0,0,0,0,0,0,0,0]],"barriers":[[4,201,-363,0,145,151,0.75,0.75,0],[1,226.22556390977445,-183.96992481203006,0,164,164,1,1,0],[7,-0.5789473684210975,-330.8270676691729,90,85,36,1,1,"sw:1"],[3,221.18796992481202,-10.796992481203006,0,164,184,1,1,"sw:1"]],"playerDirection":1}