{"playerPos":{"x":-256.7951807228916,"y":-440.69879518072287,"z":0},"tileDataGrid":[[1,1,1,1,1,1,1,1,1,1],[1,1,1,1,1,1,1,1,1,1],[5,5,5,5,5,1,1,1,1,1],[0,0,0,0,0,2,1,1,1,1],[0,0,0,0,0,7,1,1,1,1],[0,0,0,0,0,0,7,1,1,1],[0,0,0,0,0,0,0,7,1,1],[0,0,0,0,0,0,0,0,7,5],[4,4,4,4,8,0,0,0,0,2],[1,1,1,1,6,0,0,0,0,2],[1,1,1,6,0,0,0,0,0,2],[1,1,6,0,0,0,0,0,0,2],[1,6,0,0,0,0,0,0,0,2],[3,0,0,0,0,0,0,0,0,2],[3,0,0,0,0,0,0,0,0,2],[3,0,0,0,0,0,0,0,0,2],[3,0,0,0,0,0,0,0,0,2],[3,0,0,0,0,0,0,0,0,2],[3,0,0,0,0,0,0,0,0,2],[0,0,0,0,0,0,0,0,0,0],[0,0,0,0,0,0,0,0,0,0],[0,0,0,0,0,0,0,0,0,0]],"barriers":[[4,139,-143,0,118,149,0.7,0.7,0],[4,209,-71,0,118,149,0.7,0.7,0],[4,-11,-291,0,118,149,0.7,0.7,0],[4,59,-223,0,118,149,0.7,0.7,0],[4,11,85,0,118,149,-0.7,0.7,0],[4,-63,153,0,118,149,-0.7,0.7,0],[4,-141,231,0,118,149,-0.7,0.7,0],[4,-213,305,0,118,149,-0.7,0.7,0]],"playerDirection":1}