{"playerPos":{"x":-233.5263157894737,"y":82.81578947368416,"z":0},"tileDataGrid":[[1,1,1,1,1,1,1,1,1,1],[1,1,1,1,1,1,1,1,1,1],[1,1,1,1,1,1,1,1,1,1],[1,1,1,1,1,1,1,1,1,1],[17,5,5,5,5,5,5,5,5,16],[3,0,0,0,0,0,0,0,0,2],[3,0,0,0,0,0,0,0,0,2],[3,0,0,0,0,0,0,0,0,2],[19,4,4,4,4,4,8,0,0,2],[17,5,5,5,21,5,6,0,0,2],[3,0,0,0,15,0,0,0,0,2],[3,0,0,0,15,0,0,0,0,2],[3,0,0,0,34,14,11,0,0,2],[3,0,0,0,0,0,0,0,0,2],[3,0,0,0,0,0,0,0,0,2],[19,4,4,4,4,4,4,4,4,18],[1,1,1,1,1,1,1,1,1,1],[1,1,1,1,1,1,1,1,1,1],[1,1,1,1,1,1,1,1,1,1],[1,1,1,1,1,1,1,1,1,1],[0,0,0,0,0,0,0,0,0,0],[0,0,0,0,0,0,0,0,0,0]],"barriers":[[4,63,313,0,145,151,0.75,0.75,0],[4,109,83,0,145,151,-0.75,0.75,0],[4,-43.33333333333337,-267.83333333333337,0,145,151,1,1,0],[3,-214.91228070175438,-253.32456140350882,0,164,184,1,1,0],[4,97.29824561403507,-267.06140350877195,0,145,151,1,1,0]],"playerDirection":1}