{"playerPos":{"x":-271,"y":-290,"z":0},"tileDataGrid":[[1,1,1,1,1,1,1,1,1,1],[1,1,1,1,1,1,1,1,1,1],[1,1,1,1,1,1,1,1,1,1],[1,1,1,1,1,1,1,1,1,1],[5,5,5,5,5,5,5,5,5,5],[0,0,0,0,15,0,0,0,0,0],[0,0,0,0,15,0,0,0,0,0],[0,0,0,0,15,0,0,0,0,0],[0,0,0,0,15,0,0,0,0,0],[0,0,0,0,12,0,0,0,0,0],[0,0,0,0,0,0,0,0,0,0],[0,0,0,0,0,0,0,0,0,0],[0,0,0,0,0,0,0,0,0,0],[0,0,0,0,0,0,0,0,0,0],[0,0,0,0,0,0,0,0,0,0],[0,0,0,0,0,0,0,0,0,0],[0,0,0,0,0,0,0,0,0,0],[0,0,0,0,0,0,0,0,0,0],[0,0,0,0,0,0,0,0,0,0],[0,0,0,0,0,0,0,0,0,0],[0,0,0,0,0,0,0,0,0,0],[0,0,0,0,0,0,0,0,0,0]],"barriers":[[4,83,-269,0,145,151,1,1,0],[4,207,-268,0,145,151,1,1,0],[6,172.62566844919786,76.22192513368987,0,260,80,1,1,"move:-158|76"],[13,109.86363636363632,272.09848484848476,0,164,164,1,1,"sw:21"],[7,-75.80303030303031,-181.29545454545456,90,85,36,1,1,"sw:21"]]}