{"playerPos":{"x":-321.43859649122805,"y":14.254385964912217,"z":0},"tileDataGrid":[[1,1,1,1,1,1,1,1,1,1],[1,1,1,1,1,1,1,1,1,1],[1,1,1,1,1,1,1,1,1,1],[1,1,1,1,1,1,1,1,1,1],[1,1,1,1,1,1,1,1,1,1],[1,1,1,1,1,1,1,1,1,1],[1,1,1,1,1,1,1,1,1,1],[1,1,1,1,1,1,1,1,1,1],[5,5,5,5,16,17,5,5,5,5],[0,0,0,0,2,3,0,0,0,0],[0,0,0,0,7,6,0,0,0,0],[0,0,0,0,0,0,0,0,0,0],[0,0,0,0,0,0,0,0,0,0],[0,0,0,0,0,0,0,0,0,0],[0,0,0,0,0,0,0,0,0,0],[0,0,0,0,0,0,0,0,0,0],[0,0,0,0,0,0,0,0,9,4],[0,0,0,0,0,0,0,0,2,1],[0,0,0,0,0,0,0,0,2,1],[0,0,0,0,0,0,0,0,2,1],[0,0,0,0,0,0,0,0,2,1],[0,0,0,0,0,0,0,0,2,1]],"barriers":[[11,6.8596491228070136,135.5,0,400,64,1,1,0],[1,120.54385964912274,249.86842105263145,0,164,164,1,1,0],[0,121.31578947368416,415.5350877192982,0,164,164,1,1,0],[3,-126.29824561403512,259.06140350877195,0,164,184,1,1,"sw:1"],[4,302.63157894736844,33.99122807017534,0,145,151,1,1,0]]}