{"playerPos":{"x":-233.6474501108647,"y":-291.85144124168505,"z":0},"tileDataGrid":[[1,1,1,3,0,0,0,0,0,0],[1,1,1,3,0,0,0,0,0,0],[1,1,1,3,0,0,0,0,0,0],[1,1,1,41,4,4,4,4,4,4],[5,5,5,5,5,5,5,5,5,5],[0,0,0,0,0,0,0,0,0,0],[0,0,0,0,0,0,0,0,0,0],[0,0,0,0,0,0,0,0,0,0],[8,0,0,0,0,0,0,0,0,0],[3,0,0,0,0,0,0,0,0,0],[3,0,0,0,0,0,0,0,0,0],[3,0,0,0,0,0,9,4,4,4],[3,0,0,0,0,0,7,5,5,5],[5,35,0,0,0,0,0,0,0,0],[0,0,0,0,0,0,0,0,0,0],[0,0,0,0,0,0,0,0,0,0],[0,0,0,0,0,0,0,0,0,0],[0,0,0,0,0,0,0,0,0,0],[0,0,0,0,0,0,0,0,0,0],[0,0,0,0,0,0,0,0,0,0],[0,0,0,0,0,0,0,0,0,0],[0,0,0,0,0,0,0,0,0,0]],"barriers":[[7,-300.1662971175166,116.4656319290466,-90,85,36,1,1,"sw:11"],[2,114.88026607538802,-121.23946784922384,0,80,445,1,1,"sw:11"],[4,288.5254988913526,-269.25498891352544,0,145,151,1,1,0],[4,147.46563192904654,330.40354767184033,0,145,151,1,1,0]]}