{"playerPos":{"x":-263,"y":-292,"z":0},"tileDataGrid":[[1,1,1,1,1,1,1,1,1,1],[1,1,1,1,1,1,1,1,1,1],[1,1,1,1,1,1,1,1,1,1],[1,1,1,1,1,1,1,1,1,1],[5,5,5,5,5,5,5,16,1,1],[0,0,0,0,0,0,0,2,1,1],[0,0,0,0,0,0,0,2,1,1],[0,0,0,0,0,0,0,2,1,1],[0,0,0,0,0,0,0,2,1,1],[0,0,0,0,0,0,0,7,16,1],[0,0,0,0,0,0,0,0,7,5],[0,0,0,0,0,0,0,0,0,0],[0,0,0,0,0,0,0,0,0,0],[0,0,0,0,0,0,0,0,0,0],[0,0,0,0,0,0,0,0,0,0],[0,0,0,0,0,0,0,0,0,0],[0,0,0,0,0,0,0,0,0,0],[0,0,0,0,0,0,0,0,0,0],[0,0,0,0,0,0,0,0,0,0],[0,0,0,0,0,0,0,0,0,0],[0,0,0,0,0,0,0,0,0,0],[0,0,0,0,0,0,0,0,0,0]],"barriers":[[4,-20,-268,0,145,151,1,1,0],[1,161,68,0,164,164,0.45,0.45,0],[2,161,159,0,110,110,1,1,0],[12,-147.8939393939394,-262.4318181818182,0,80,164,1,1,0]]}