{"playerPos":{"x":-73.19277108433738,"y":-365.5783132530121,"z":0},"tileDataGrid":[[1,1,1,1,1,1,1,1,1,1],[1,1,1,1,1,1,1,1,1,1],[1,1,1,1,1,1,1,1,1,1],[1,1,17,5,5,5,5,16,1,1],[1,1,3,0,0,0,0,2,1,1],[1,1,3,0,0,0,0,2,1,1],[1,1,3,0,0,0,0,2,1,1],[1,1,3,0,0,0,0,2,1,1],[1,1,3,0,0,0,0,2,1,1],[1,1,3,0,0,0,0,2,1,1],[1,1,3,0,0,0,0,2,1,1],[1,1,3,0,0,0,9,5,5,5],[1,1,3,0,0,0,12,0,0,0],[1,1,3,0,0,0,0,0,0,0],[1,1,3,0,0,0,0,0,0,0],[1,1,19,4,4,4,4,4,8,0],[5,5,5,5,5,5,5,5,6,0],[0,0,0,0,0,0,0,0,0,0],[0,0,0,0,0,0,0,0,0,0],[0,0,0,0,0,0,0,0,0,0],[0,0,0,0,0,0,0,0,0,0],[0,0,0,0,0,0,0,0,0,0]],"barriers":[[4,264.7590361445783,254.72289156626505,0,118,149,1,1,0]]}