{"playerPos":{"x":-213.03614457831327,"y":-291.8674698795181,"z":0},"tileDataGrid":[[1,1,1,1,1,1,1,1,1,1],[1,1,1,1,1,1,1,1,1,1],[1,1,1,1,1,1,1,1,1,1],[1,1,1,1,1,1,1,1,1,1],[5,5,5,5,5,16,1,1,1,1],[0,0,0,0,0,2,1,1,1,1],[0,0,0,0,0,7,16,1,1,1],[0,0,0,0,0,0,7,16,1,1],[0,0,0,0,0,0,0,7,16,1],[0,0,0,0,0,0,0,0,7,16],[0,0,0,0,0,0,0,0,0,2],[0,0,0,0,0,0,0,0,0,2],[0,0,0,0,0,0,0,0,0,2],[0,0,0,0,0,0,0,0,0,2],[0,0,0,0,0,0,0,0,0,2],[0,0,0,0,0,0,0,0,0,2],[0,0,0,0,0,0,0,0,0,2],[0,0,0,0,0,0,0,0,0,2],[0,0,0,0,0,0,0,0,0,0],[0,0,0,0,0,0,0,0,0,0],[0,0,0,0,0,0,0,0,0,0],[0,0,0,0,0,0,0,0,0,0]],"barriers":[[4,237,71,0,118,149,0.5,0.5,0],[4,145,1,0,118,149,0.6,0.6,0],[4,67,-69,0,118,149,0.7,0.7,0],[4,-21,-135,0,118,149,0.85,0.85,0]],"playerDirection":1}