{"playerPos":{"x":-1,"y":-366,"z":0},"tileDataGrid":[[1,1,1,1,1,1,1,1,1,1],[1,1,1,1,1,1,1,1,1,1],[1,1,1,1,1,1,1,1,1,1],[1,17,5,5,5,5,5,5,16,1],[1,3,0,0,0,0,0,0,2,1],[1,3,0,0,0,0,0,0,2,1],[1,3,0,0,0,0,0,0,2,1],[1,3,0,0,0,0,0,0,2,1],[1,3,0,0,0,0,0,0,2,1],[1,3,0,0,0,0,0,0,2,1],[5,6,0,0,0,0,0,0,7,5],[0,0,0,0,0,0,0,0,0,0],[0,0,0,0,0,0,0,0,0,0],[0,0,0,0,0,0,0,0,0,0],[0,0,0,0,0,0,0,0,0,0],[0,0,0,0,0,0,0,0,0,0],[0,0,0,0,0,0,0,0,0,0],[0,0,0,0,0,0,0,0,0,0],[0,0,0,0,0,0,0,0,0,0],[0,0,0,0,0,0,0,0,0,0],[0,0,0,0,0,0,0,0,0,0],[0,0,0,0,0,0,0,0,0,0]],"barriers":[[4,-305,180,0,145,151,-1,1,0],[6,182.4491978609626,223.60695187165777,0,80,280,1,1,"sw:11"],[6,-183.31550802139037,217.5374331550803,0,80,280,1,1,"sw:12"],[9,224.57754010695191,-246.6443850267379,90,85,36,1,1,"sw:11"],[9,-225.58288770053474,-73.18449197860957,-90,85,36,1,1,"sw:12"],[4,304.8342245989305,181.505347593583,0,145,151,1,1,0]]}