{"playerPos":{"x":-282.859649122807,"y":-142.83333333333337,"z":0},"tileDataGrid":[[1,1,1,1,1,1,1,1,1,1],[1,1,1,1,1,1,1,1,1,1],[1,1,1,1,1,17,5,5,5,5],[1,1,1,1,1,3,0,0,0,0],[1,1,1,1,1,3,0,0,0,0],[1,1,1,1,1,3,0,0,0,0],[5,5,5,5,5,6,0,0,0,0],[0,0,0,0,0,0,0,0,0,0],[0,0,0,0,0,0,0,0,0,0],[0,0,0,0,32,33,0,0,32,33],[0,0,0,0,2,41,33,32,42,3],[0,0,0,0,2,1,1,1,1,3],[0,0,0,0,2,1,1,1,1,3],[0,0,0,0,2,1,1,1,1,3],[0,0,0,0,2,1,1,1,1,3],[0,0,0,0,2,1,1,1,1,3],[0,0,0,0,2,1,1,1,1,3],[0,0,0,0,2,1,1,1,1,3],[0,0,0,0,2,1,1,1,1,3],[0,0,0,0,7,5,5,5,5,6],[0,0,0,0,0,0,0,0,0,0],[0,0,0,0,0,0,0,0,0,0]],"barriers":[[4,180.140350877193,-418.4122807017544,0,145,151,1,1,0]]}