{"playerPos":{"x":-305.2127659574468,"y":-291.247340425532,"z":0},"tileDataGrid":[[1,1,1,1,1,1,1,1,1,1],[1,1,1,1,1,1,1,1,1,1],[1,1,1,1,1,1,1,1,1,1],[1,1,1,1,1,1,1,1,1,1],[5,5,5,5,5,5,5,5,5,5],[0,0,0,0,0,0,0,0,0,0],[0,0,0,0,0,0,0,0,0,0],[0,0,0,0,0,0,0,0,0,0],[0,0,0,0,9,8,0,0,9,4],[0,0,0,0,2,3,0,0,2,1],[0,0,0,0,2,3,0,0,2,1],[0,0,0,0,2,23,14,14,22,1],[0,0,0,0,2,3,0,0,2,1],[0,0,0,0,2,3,0,0,2,1],[0,0,0,0,2,19,4,4,18,1],[0,0,0,0,2,1,1,1,1,1],[0,0,0,0,2,1,1,1,1,1],[0,0,0,0,2,1,1,1,1,1],[0,0,0,0,0,0,0,0,0,0],[0,0,0,0,0,0,0,0,0,0],[0,0,0,0,0,0,0,0,0,0],[0,0,0,0,0,0,0,0,0,0]],"barriers":[[4,129,237,0,118,149,0.75,0.75,0],[3,148,-133,0,164,184,0.8,0.8,"sw:1"],[7,-75,56,90,85,36,1,1,"sw:1"],[6,149,-275,0,140,140,1,1,"move:149|-113"]],"playerDirection":1}