{"playerPos":{"x":-167.78350515463922,"y":8.505154639175316,"z":0},"tileDataGrid":[[1,1,1,1,1,1,1,1,1,1],[1,1,1,1,1,1,1,1,1,1],[1,1,1,17,5,5,5,16,1,1],[1,1,1,3,0,0,0,2,1,1],[1,1,1,3,0,0,0,2,1,1],[1,1,1,3,0,0,0,2,1,1],[1,1,1,3,0,0,0,7,5,16],[1,1,1,3,0,0,0,0,0,2],[5,5,5,6,0,0,0,0,0,2],[0,0,0,0,0,0,0,0,0,7],[0,0,0,0,0,0,0,0,0,0],[0,0,0,0,0,0,0,0,0,0],[0,0,0,0,0,0,0,0,0,0],[0,0,0,0,0,0,0,0,0,0],[0,0,0,0,0,0,0,0,0,0],[0,0,0,0,0,0,0,0,0,0],[0,0,0,0,0,0,0,0,0,0],[0,0,0,0,0,0,0,0,0,0],[0,0,0,0,0,0,0,0,0,0],[0,0,0,0,0,0,0,0,0,0],[0,0,0,0,0,0,0,0,0,0],[0,0,0,0,0,0,0,0,0,0]],"barriers":[[4,7,-415,0,145,151,1,1,0],[15,36.34020618556701,-246.64948453608247,0,225,100,1,1,0],[0,192.25773195876292,-144.49484536082468,0,164,164,0.6,0.6,0]],"playerDirection":1}