{"playerPos":{"x":-225.87719298245614,"y":-362.9385964912281,"z":0},"tileDataGrid":[[1,1,1,1,1,1,1,1,1,1],[1,1,1,1,1,1,1,1,1,1],[1,1,1,1,1,1,1,1,1,1],[5,5,5,5,5,5,5,5,5,5],[0,0,0,0,0,0,0,0,0,0],[0,0,0,0,0,0,0,0,0,0],[0,0,0,0,0,0,0,0,0,0],[0,0,0,0,0,0,0,0,0,0],[0,0,0,0,0,0,32,4,4,4],[0,0,0,0,0,32,47,5,5,5],[0,0,0,0,32,47,31,0,0,0],[0,0,0,0,34,31,0,0,0,0],[0,0,0,0,0,0,0,0,0,0],[4,4,33,0,0,0,0,0,0,0],[5,5,31,0,0,0,0,0,0,0],[0,0,0,0,0,0,0,0,0,0],[0,0,0,0,0,0,10,14,14,14],[0,0,0,0,0,0,0,0,0,0],[0,0,0,0,0,0,0,0,0,0],[0,0,0,0,0,0,0,0,0,0],[0,0,0,0,0,0,0,0,0,0],[0,0,0,0,0,0,0,0,0,0]],"barriers":[[0,119.78947368421052,641.4473684210525,0,164,164,1,1,0],[3,294.719298245614,638.5526315789473,0,164,164,1,1,"sw:1"],[4,254.38596491228066,107.13157894736833,0,145,151,1,1,0],[7,66.0175438596491,-35.79824561403518,135,85,36,1,1,"sw:1"],[9,-283.859649122807,257.1315789473683,180,85,36,1,1,"sw:21"],[14,-112.64912280701753,217.23684210526312,-45,215,121,1,1,"sw:21"]]}