{"playerPos":{"x":-254.46428571428578,"y":-292.94642857142867,"z":0},"tileDataGrid":[[1,1,1,1,1,1,1,1,1,1],[1,1,1,1,1,1,1,1,1,1],[1,1,1,1,1,1,1,1,1,1],[1,1,1,1,1,1,1,1,1,1],[5,5,5,5,5,16,1,1,1,1],[0,0,0,0,0,2,1,1,1,1],[0,0,0,0,0,2,39,1,1,1],[0,0,0,0,0,38,34,39,1,1],[4,4,4,4,4,4,33,34,39,1],[5,5,5,5,5,5,48,33,34,39],[0,0,0,0,0,0,2,3,0,2],[0,0,0,0,0,0,2,3,0,2],[4,4,4,4,4,4,47,31,0,2],[5,5,5,5,5,5,31,0,32,42],[0,0,0,0,0,0,0,37,43,1],[0,0,0,0,0,0,0,0,34,5],[0,0,0,0,0,0,0,0,0,0],[0,0,0,0,0,0,0,0,0,0],[0,0,0,0,0,0,0,0,0,0],[0,0,0,0,0,0,0,0,0,0],[0,0,0,0,0,0,0,0,0,0],[0,0,0,0,0,0,0,0,0,0]],"barriers":[[0,77,-165,0,164,164,0.25,0.25,0],[7,300.4693877551021,162.40051020408157,90,85,36,1,1,"sw:1"],[4,-269,85,0,145,151,-0.75,0.75,0],[3,-141.3163265306123,85.7066326530612,0,164,184,0.6,0.6,"sw:1"],[4,-33,87,0,145,151,0.75,0.75,0],[4,38,405,0,145,151,-1,1,0]],"playerDirection":1}