{"playerPos":{"x":-283.6651053864169,"y":-364.4613583138173,"z":0},"tileDataGrid":[[1,1,1,1,1,1,1,1,1,1],[1,1,1,1,1,1,1,1,1,1],[1,1,1,1,1,1,1,1,1,1],[5,5,5,5,16,17,5,5,5,5],[0,0,0,0,2,3,0,0,0,0],[0,0,0,0,2,3,0,0,0,0],[0,0,0,0,2,3,0,0,0,0],[0,0,0,0,2,3,0,0,0,0],[0,0,0,0,7,6,0,0,0,0],[0,0,0,0,0,0,0,0,0,0],[0,0,0,0,0,0,0,0,0,0],[0,0,0,0,0,0,0,0,0,0],[0,0,0,0,0,0,0,0,0,0],[0,0,0,0,0,0,0,0,0,0],[0,0,0,0,0,0,0,0,0,0],[0,0,0,0,0,0,0,0,0,0],[0,0,0,0,0,0,0,0,0,0],[0,0,0,0,0,0,0,0,0,0],[0,0,0,0,0,0,0,0,0,0],[0,0,0,0,0,0,0,0,0,0],[0,0,0,0,0,0,0,0,0,0],[0,0,0,0,0,0,0,0,0,0]],"barriers":[[4,141,-363,0,145,151,0.75,0.75,0],[3,292.4473067915691,-371.4871194379391,0,164,184,0.5,0.5,0],[6,-155.4449648711944,234.48477751756445,0,300,70,1,1,"move:116|234"]],"playerDirection":1}