{"playerPos":{"x":-244.40298507462688,"y":-365.6716417910448,"z":0},"tileDataGrid":[[1,1,1,1,1,1,1,1,1,1],[1,1,1,1,1,1,1,1,1,1],[1,1,1,1,1,1,1,1,1,1],[17,5,5,5,21,5,5,5,5,16],[3,0,0,0,15,0,0,0,0,2],[3,0,0,0,15,0,0,0,0,2],[3,0,0,0,15,14,14,14,14,22],[3,0,0,0,15,0,0,0,0,2],[3,0,0,0,15,0,0,0,0,2],[3,0,0,0,15,0,0,0,0,2],[3,0,0,0,15,0,0,0,0,2],[3,0,0,0,15,0,0,0,0,2],[3,0,0,0,15,0,0,0,0,2],[6,0,0,0,12,0,0,0,0,7],[0,0,0,0,0,0,0,0,0,0],[0,0,0,0,0,0,0,0,0,0],[0,0,0,0,0,0,0,0,0,0],[0,0,0,0,0,0,0,0,0,0],[0,0,0,0,0,0,0,0,0,0],[0,0,0,0,0,0,0,0,0,0],[0,0,0,0,0,0,0,0,0,0],[0,0,0,0,0,0,0,0,0,0]],"barriers":[[4,133,-363,0,145,151,0.75,0.75,0],[7,-75.22388059701495,-217.35074626865668,90,85,36,1,1,"sw:11"],[7,-299,-95,-90,85,36,1,1,"sw:12"],[6,149,-117,0,300,60,1,1,"sw:11"],[6,150,-54,0,300,60,1,1,"sw:12"],[3,156.98507462686564,68.32089552238813,0,164,184,1,1,"sw:1"],[7,149.25373134328356,-195.09701492537306,0,85,36,1,1,"sw:1"],[11,156.560606060606,179.99242424242425,0,120,80,1,1,0]],"playerDirection":1}