{"playerPos":{"x":303.48837209302326,"y":-441.2790697674418,"z":0},"tileDataGrid":[[1,1,1,1,1,1,1,1,1,1],[1,1,1,1,1,1,1,1,1,1],[5,5,39,17,5,5,5,5,5,5],[0,0,34,48,33,0,0,0,0,0],[0,0,0,34,48,33,0,0,0,0],[0,0,0,0,34,48,33,0,0,0],[0,0,0,0,0,34,48,33,0,0],[4,4,4,4,4,33,34,48,4,4],[1,1,1,1,1,45,35,34,39,1],[17,5,5,5,5,31,0,32,42,1],[3,0,0,0,0,0,32,42,1,1],[3,0,0,0,0,32,42,1,1,1],[19,4,4,4,4,42,1,1,1,1],[1,1,1,1,1,1,1,1,1,1],[1,1,1,1,1,1,1,1,1,1],[1,1,1,1,1,1,1,1,1,1],[1,1,1,1,1,1,1,1,1,1],[1,1,1,1,1,1,1,1,1,1],[1,1,1,1,1,1,1,1,1,1],[1,1,1,1,1,1,1,1,1,1],[0,0,0,0,0,0,0,0,0,0],[0,0,0,0,0,0,0,0,0,0]],"barriers":[[7,86.46511627906972,-334.6511627906976,225,85,36,1,1,"sw:11"],[8,303.48837209302326,-195.34883720930225,-180,85,36,1,1,"sw:1"],[4,-277.3255813953489,-418.860465116279,0,145,151,-1,1,0],[5,-105.13953488372096,65.02325581395348,0,164,184,0.4,0.4,"sw:1"],[0,-33.139534883720955,55.813953488372135,0,164,164,0.3,0.3,0],[6,153,-47,45,100,100,1,1,"sw:11"]]}