{"playerPos":{"x":-308.48192771084337,"y":-216.4457831325301,"z":0},"tileDataGrid":[[1,1,1,1,1,1,1,1,1,1],[1,1,1,1,1,1,1,1,1,1],[1,1,1,1,1,1,1,1,1,1],[1,1,1,1,1,1,1,1,1,1],[1,1,1,1,1,1,1,1,1,1],[5,5,21,5,5,5,5,21,5,5],[0,0,15,0,0,0,0,15,0,0],[0,0,12,0,0,0,0,12,0,0],[0,0,0,0,0,0,0,0,0,0],[0,0,0,0,13,0,0,0,0,0],[4,4,4,4,20,4,4,4,4,4],[1,1,1,1,1,1,1,1,1,1],[1,1,1,1,1,1,1,1,1,1],[1,1,1,1,1,1,1,1,1,1],[1,1,1,1,1,1,1,1,1,1],[1,1,1,1,1,1,1,1,1,1],[1,1,1,1,1,1,1,1,1,1],[1,1,1,1,1,1,1,1,1,1],[0,0,0,0,0,0,0,0,0,0],[0,0,0,0,0,0,0,0,0,0],[0,0,0,0,0,0,0,0,0,0],[0,0,0,0,0,0,0,0,0,0]],"barriers":[[4,302.71084337349396,-195.18072289156623,0,118,149,1,1,0]]}