{"playerPos":{"x":-311,"y":-292,"z":0},"tileDataGrid":[[1,1,1,1,1,1,1,1,1,1],[1,1,1,1,1,1,1,1,1,1],[1,1,1,1,1,1,1,1,1,1],[1,1,1,1,1,1,1,1,1,1],[5,5,39,1,1,1,1,1,1,1],[0,0,34,39,1,1,1,1,1,1],[0,0,0,34,39,1,1,1,1,1],[0,0,0,0,34,39,1,1,1,1],[0,0,0,0,0,34,39,1,1,1],[0,0,0,0,0,0,34,5,16,1],[0,0,0,0,0,0,0,0,7,5],[0,0,0,0,0,0,0,0,0,0],[0,0,0,0,0,0,0,0,0,0],[0,0,0,0,0,0,0,0,0,0],[0,0,0,0,0,0,0,0,0,0],[0,0,0,0,0,0,0,0,0,0],[0,0,0,0,0,0,0,0,0,0],[0,0,0,0,0,0,0,0,0,0],[0,0,0,0,0,0,0,0,0,0],[0,0,0,0,0,0,0,0,0,0],[0,0,0,0,0,0,0,0,0,0],[0,0,0,0,0,0,0,0,0,0]],"barriers":[[2,171,159,0,80,260,1,1,0],[4,291.1073825503356,179.53020134228188,0,118,149,1,1,0]]}