{"playerPos":{"x":-180.15463917525778,"y":-141.49484536082468,"z":0},"tileDataGrid":[[1,1,1,1,1,1,1,1,1,1],[1,1,1,1,1,1,1,1,1,1],[17,5,5,5,5,5,5,5,5,16],[3,0,0,0,0,0,0,0,0,2],[3,0,0,0,0,0,0,0,0,2],[3,0,0,0,0,0,0,0,0,2],[5,14,14,14,14,14,14,14,14,5],[0,0,0,0,0,12,0,0,12,0],[0,0,0,0,0,0,0,0,0,0],[0,0,0,0,0,0,0,0,0,0],[0,0,0,0,0,0,0,0,0,0],[8,0,0,0,0,0,0,0,0,0],[3,0,0,0,0,0,0,0,0,0],[6,0,0,0,0,0,0,0,0,0],[0,0,0,0,0,0,0,0,0,0],[0,0,0,0,0,0,0,0,0,0],[0,0,0,0,0,0,0,0,0,0],[0,0,0,0,0,0,0,0,0,0],[0,0,0,0,0,0,0,0,0,0],[0,0,0,0,0,0,0,0,0,0],[0,0,0,0,0,0,0,0,0,0],[0,0,0,0,0,0,0,0,0,0]],"barriers":[[4,149,-417,0,145,151,1,1,0],[9,-301.2268041237114,214.25773195876297,-90,85,36,1,1,"sw:11"],[4,-169,-421,0,145,151,-1,1,0],[3,-7,-403,0,164,184,1,1,"sw:1"],[7,147.68041237113397,-194.97938144329896,0,85,36,1,1,"sw:1"],[12,150.77319587628864,-88.01030927835052,0,300,60,1,1,"sw:11"],[11,-126.48453608247425,345.7113402061857,0,70,70,1,1,0],[6,-126.03092783505159,279.1237113402062,0,200,60,1,1,"sw:11,move:207|279"]],"playerDirection":1}