{"playerPos":{"x":-70.53182751540038,"y":8.010266940451743,"z":0},"tileDataGrid":[[1,1,1,1,1,1,1,1,1,1],[1,1,1,1,1,1,1,1,1,1],[40,5,5,5,5,5,5,5,5,39],[3,0,0,0,0,0,0,0,0,2],[3,0,0,0,0,0,0,0,0,2],[45,14,14,14,14,14,14,8,0,2],[3,0,0,0,0,0,0,15,0,2],[3,0,0,0,0,0,0,15,0,2],[3,0,9,14,14,8,0,15,0,2],[3,0,15,0,0,15,0,15,0,2],[3,0,15,0,0,12,0,15,0,2],[3,0,15,0,0,0,0,15,0,2],[3,0,15,0,0,0,0,15,0,2],[3,0,7,14,14,14,14,6,0,2],[3,0,0,0,0,0,0,0,0,2],[3,0,0,0,0,0,0,0,0,2],[41,4,4,4,4,4,4,4,4,42],[1,1,1,1,1,1,1,1,1,1],[1,1,1,1,1,1,1,1,1,1],[0,0,0,0,0,0,0,0,0,0],[0,0,0,0,0,0,0,0,0,0],[0,0,0,0,0,0,0,0,0,0]],"barriers":[[4,-1,-213,0,145,151,-0.75,0.75,0],[4,-159,-211,0,145,151,-0.75,0.75,0],[4,37,387,0,145,151,0.75,0.75,0],[4,-143,387,0,145,151,0.75,0.75,0],[4,-101,-437,0,145,151,-0.75,0.75,0],[11,150.8110882956879,-455.041067761807,0,80,80,1,1,0],[3,245.93634496919924,-458.1622176591376,0,164,184,0.4,0.4,0],[3,266.1170431211499,-393.70020533880904,0,164,184,0.4,0.4,0],[4,25,163,0,145,151,0.75,0.75,0],[3,108.952772073922,-233.77618069815196,0,164,184,0.4,0.4,0],[0,156.85420944558518,363.1396303901437,0,164,164,0.4,0.4,0]],"playerDirection":1}