{"playerPos":{"x":-301.86746987951807,"y":-139.83132530120486,"z":0},"tileDataGrid":[[1,1,1,1,1,1,1,1,1,1],[1,1,1,1,1,1,1,1,1,1],[1,1,1,1,1,1,1,1,1,1],[1,1,5,5,5,5,5,5,1,1],[1,3,0,0,0,0,0,0,2,1],[1,3,0,0,0,0,0,0,2,1],[5,6,0,0,0,0,0,0,7,5],[0,0,0,0,0,0,0,0,0,0],[0,0,0,0,0,0,0,0,0,0],[0,0,0,0,0,0,0,0,0,0],[0,0,0,0,0,0,0,0,0,0],[0,0,0,0,0,0,0,0,0,0],[0,0,0,0,0,0,0,0,0,0],[0,0,0,0,0,0,0,0,0,0],[0,0,0,0,0,0,0,0,0,0],[0,0,0,0,0,0,0,0,0,0],[0,0,0,0,0,0,0,0,0,0],[0,0,0,0,0,0,0,0,0,0],[0,0,0,0,0,0,0,0,0,0],[0,0,0,0,0,0,0,0,0,0],[0,0,0,0,0,0,0,0,0,0],[0,0,0,0,0,0,0,0,0,0]],"barriers":[[4,-161.93975903614458,-347.6987951807229,0,118,149,1,1,0],[4,-96.07228915662654,-346.46987951807233,0,118,149,1,1,0],[4,-26.204819277108413,-347.08433734939763,0,118,149,1,1,0],[4,41.12048192771084,-349.46987951807233,0,118,149,1,1,0],[4,97,-351,0,145,151,1,1,0]],"playerDirection":1}