{"playerPos":{"x":-18.97590361445782,"y":-366.1566265060241,"z":0},"tileDataGrid":[[1,1,1,1,1,1,1,1,1,1],[1,1,1,1,1,1,1,1,1,1],[1,1,1,1,1,1,1,1,1,1],[5,16,1,17,5,5,16,1,17,5],[0,2,1,3,0,0,2,1,3,0],[0,2,1,3,0,0,7,5,6,0],[0,2,1,3,0,0,0,0,0,0],[0,7,5,6,0,0,0,0,0,0],[0,0,0,0,0,0,13,0,0,0],[0,0,0,0,0,0,7,14,14,14],[0,0,0,13,0,0,0,0,0,0],[14,14,14,6,0,0,0,0,0,0],[0,0,0,0,0,0,0,0,0,0],[0,0,0,0,0,0,10,14,14,0],[0,0,0,0,0,0,0,0,0,0],[0,0,0,0,0,0,0,0,0,0],[0,0,0,0,0,0,0,0,0,0],[0,0,0,0,0,0,0,0,0,0],[0,0,0,0,0,0,0,0,0,0],[0,0,0,0,0,0,0,0,0,0],[0,0,0,0,0,0,0,0,0,0],[0,0,0,0,0,0,0,0,0,0]],"barriers":[[4,221.73493975903614,-194.51807228915663,0,118,149,1,1,0],[4,-221.85542168674698,-44.62650602409644,0,118,149,-1,1,0],[2,109.10843373493975,-197.43373493975906,0,80,140,1,1,0],[2,-108.68674698795184,-48.46987951807239,0,80,140,1,1,0],[4,230,407,0,145,151,1,1,0],[2,113,412,0,80,164,1,1,0]],"playerDirection":1}