{"playerPos":{"x":-279.7533156498673,"y":-289.68965517241384,"z":0},"tileDataGrid":[[1,1,1,1,1,1,1,1,1,1],[1,1,1,1,1,1,1,1,1,1],[1,1,1,1,1,1,1,1,1,1],[1,1,1,1,1,1,1,1,1,1],[5,5,5,5,5,5,5,5,5,16],[0,0,0,0,0,0,0,0,0,2],[0,0,0,0,0,0,0,0,0,2],[0,0,0,0,0,0,0,0,0,2],[0,0,0,0,0,0,0,0,0,2],[0,0,0,0,0,0,0,0,0,2],[0,0,0,0,0,0,0,0,0,2],[0,0,0,0,0,0,0,0,0,2],[0,0,0,0,0,0,0,0,0,2],[0,0,0,0,0,0,0,0,0,2],[4,4,4,4,4,4,4,4,4,18],[1,1,1,1,1,1,1,1,1,1],[1,1,1,1,1,1,1,1,1,1],[1,1,1,1,1,1,1,1,1,1],[0,0,0,0,0,0,0,0,0,0],[0,0,0,0,0,0,0,0,0,0],[0,0,0,0,0,0,0,0,0,0],[0,0,0,0,0,0,0,0,0,0]],"barriers":[[4,23,-121,0,145,151,1,1,0],[3,42.67639257294434,-269.90185676392576,0,164,184,0.8,0.8,"sw:1"],[7,223.77453580901857,-344.3183023872679,0,85,36,1,1,"sw:1"],[12,-112,-164,0,120,360,1,1,0]],"playerDirection":1}