{"playerPos":{"x":36,"y":-366,"z":0},"tileDataGrid":[[0,0,0,0,2,1,3,0,0,0],[0,0,0,0,2,1,3,0,0,0],[0,0,0,0,2,1,3,0,0,0],[0,0,0,0,7,5,6,0,0,0],[0,0,0,0,0,0,0,0,0,0],[0,0,0,0,0,0,0,9,14,14],[0,0,0,0,0,0,0,15,0,0],[9,14,14,14,8,0,0,15,0,0],[15,0,0,0,15,0,0,15,0,0],[15,0,0,0,15,0,0,15,0,0],[15,0,0,0,15,0,0,15,0,0],[15,0,0,0,15,0,0,15,0,0],[15,0,0,0,15,0,0,15,0,0],[15,0,0,0,15,0,0,7,14,14],[7,14,14,14,6,0,0,0,0,0],[0,0,0,0,0,0,0,0,0,0],[0,0,0,0,0,0,0,0,0,0],[0,0,0,0,0,0,0,0,0,0],[0,0,0,0,0,0,0,0,0,0],[0,0,0,0,0,0,0,0,0,0],[0,0,0,0,0,0,0,0,0,0],[0,0,0,0,0,0,0,0,0,0]],"barriers":[[4,303,-194,0,145,151,1,1,0],[4,-163,-45,0,145,151,-1,1,0],[13,303.66666666666663,131.47727272727275,0,150,150,1,1,"sw:21"],[13,-181.81818181818184,233.90151515151513,0,164,164,1,1,"sw:22"],[7,146.42424242424238,-43.371212121212125,90,85,36,1,1,"sw:21"],[7,-0.6060606060606233,102.7954545454545,-90,85,36,1,1,"sw:22"]],"playerDirection":1}