{"playerPos":{"x":-272.0976253298153,"y":-290.8654353562005,"z":0},"tileDataGrid":[[1,1,1,1,1,1,1,1,1,1],[1,1,1,1,1,1,1,1,1,1],[1,1,1,1,1,1,1,1,1,1],[1,1,1,1,1,1,1,1,1,1],[5,5,5,39,1,40,5,44,5,39],[0,0,0,34,5,31,0,38,0,2],[0,0,0,0,0,0,0,0,0,2],[0,0,0,32,4,33,0,36,0,2],[4,4,4,42,1,41,4,46,4,42],[5,5,5,5,5,5,5,5,5,5],[0,0,0,0,0,0,0,0,0,0],[0,0,0,0,0,0,0,0,0,0],[0,0,0,0,0,0,0,0,0,0],[0,0,0,0,0,0,0,0,0,0],[0,0,0,0,0,0,0,0,0,0],[0,0,0,0,0,0,0,0,0,0],[0,0,0,0,0,0,0,0,0,0],[0,0,0,0,0,0,0,0,0,0],[0,0,0,0,0,0,0,0,0,0],[0,0,0,0,0,0,0,0,0,0],[0,0,0,0,0,0,0,0,0,0],[0,0,0,0,0,0,0,0,0,0]],"barriers":[[4,167,109,0,145,151,1,1,0],[0,-36.60949868073874,-234.49868073878628,0,164,164,0.45,0.45,0],[7,298.802110817942,-218.70976253298153,90,85,36,1,1,"sw:1"],[3,-43,123,0,164,184,1,1,"sw:1"],[4,-247,107,0,145,151,-1,1,0]],"playerDirection":1}