{"playerPos":{"x":-259,"y":-367,"z":0},"tileDataGrid":[[1,1,1,1,1,1,1,1,1,1],[1,1,1,1,1,1,1,1,1,1],[1,1,1,1,1,1,1,1,1,1],[5,5,5,5,5,5,5,5,5,5],[0,0,0,0,0,0,0,0,0,0],[0,0,0,13,0,0,13,0,0,0],[0,0,0,15,0,0,15,0,0,0],[0,0,0,15,0,0,15,0,0,0],[0,0,0,15,0,0,15,0,0,0],[0,0,0,15,0,0,15,0,0,0],[0,0,0,15,0,0,15,0,0,0],[0,0,0,15,0,0,15,0,0,0],[0,0,0,12,0,0,12,0,0,0],[0,0,0,0,0,0,0,0,0,0],[0,0,0,0,0,0,0,0,0,0],[0,0,0,0,0,0,0,0,0,0],[0,0,0,0,0,0,0,0,0,0],[0,0,0,0,0,0,0,0,0,0],[0,0,0,0,0,0,0,0,0,0],[0,0,0,0,0,0,0,0,0,0],[0,0,0,0,0,0,0,0,0,0],[0,0,0,0,0,0,0,0,0,0]],"barriers":[[4,269,-343,0,145,151,1,1,0],[1,1.7581967213114353,-355.0102459016394,0,164,164,0.8,0.8,0],[1,1,-223,0,164,164,0.8,0.8,0],[1,2,-90,0,164,164,0.8,0.8,0],[1,4,43,0,164,164,0.8,0.8,0],[3,3,183,0,164,184,0.8,0.8,0],[3,6,315,0,164,184,0.8,0.8,0]]}