{"playerPos":{"x":-291.8329297820823,"y":-67.9152542372882,"z":0},"tileDataGrid":[[1,1,1,1,1,1,1,1,1,1],[1,1,1,1,1,1,1,1,1,1],[1,1,1,1,17,5,5,5,16,1],[1,1,1,1,3,0,0,0,2,1],[1,1,1,1,3,0,0,0,2,1],[1,1,1,1,3,0,0,0,2,1],[1,1,1,1,3,0,0,0,2,1],[5,5,5,21,6,0,0,0,2,1],[0,0,0,15,0,0,0,0,2,1],[0,0,0,15,0,0,0,0,7,5],[0,0,0,12,0,0,0,0,0,0],[0,0,0,0,0,0,0,0,0,0],[0,0,0,0,0,0,0,0,0,0],[0,0,0,0,0,0,0,0,0,0],[0,0,0,0,0,0,0,0,0,0],[0,0,0,0,0,0,0,0,0,0],[0,0,0,0,0,0,0,0,0,0],[0,0,0,0,0,0,0,0,0,0],[0,0,0,0,0,0,0,0,0,0],[0,0,0,0,0,0,0,0,0,0],[0,0,0,0,0,0,0,0,0,0],[0,0,0,0,0,0,0,0,0,0]],"barriers":[[4,83,-417,0,145,151,1,1,0],[6,118.94673123486683,222.45762711864404,0,170,60,1,1,"move:-184|222"]],"playerDirection":1}