{"playerPos":{"x":-310.39578454332553,"y":-367.4613583138173,"z":0},"tileDataGrid":[[1,1,1,1,1,1,1,1,1,1],[1,1,1,1,1,1,1,1,1,1],[1,1,1,1,1,1,1,1,1,1],[5,5,5,5,5,5,5,39,1,1],[0,0,0,0,0,0,0,34,39,1],[0,0,0,0,32,33,0,0,34,39],[0,0,0,32,42,41,33,0,0,2],[4,33,0,34,39,40,31,0,0,2],[1,41,33,0,34,31,0,0,0,2],[1,1,41,33,0,0,0,0,32,42],[1,1,1,41,4,4,4,4,42,1],[1,1,1,1,1,1,1,1,1,1],[1,1,1,1,1,1,1,1,1,1],[5,5,5,5,5,5,5,5,5,5],[0,0,0,0,0,0,0,0,0,0],[0,0,0,0,0,0,0,0,0,0],[0,0,0,0,0,0,0,0,0,0],[0,0,0,0,0,0,0,0,0,0],[0,0,0,0,0,0,0,0,0,0],[0,0,0,0,0,0,0,0,0,0],[0,0,0,0,0,0,0,0,0,0],[0,0,0,0,0,0,0,0,0,0]],"barriers":[[4,185.79156908665107,405.37236533957855,0,145,151,1,1,0],[7,81.43091334894609,-125.82903981264633,-45,85,36,1,1,"sw:1"],[3,9.660421545667418,421.1803278688525,0,164,184,1,1,"sw:1"],[0,-169.71428571428572,-157.95784543325522,0,164,164,0.4,0.4,0],[1,-208.13817330210773,-246.2412177985948,0,164,164,0.7,0.7,0],[1,-208.13817330210773,-361.6533957845433,0,164,164,0.7,0.7,0],[4,-168.81733021077284,406.37236533957855,0,145,151,-1,1,0]]}