{"playerPos":{"x":-88.07506053268764,"y":-367.1041162227603,"z":0},"tileDataGrid":[[1,1,1,1,1,1,3,0,0,2],[1,1,1,1,1,1,3,0,0,2],[1,1,1,1,1,1,3,0,0,2],[1,1,17,5,5,5,6,0,0,2],[1,1,3,0,0,0,0,0,0,2],[1,1,3,0,0,0,0,0,0,2],[1,1,3,0,0,0,0,0,0,2],[5,5,48,4,4,4,8,0,0,2],[0,0,34,39,1,1,3,0,0,2],[0,0,0,34,39,1,3,0,0,2],[0,0,0,0,34,39,3,0,0,2],[0,0,0,0,0,34,6,0,0,2],[0,0,0,0,0,0,0,0,0,2],[0,0,0,0,0,0,0,0,32,42],[0,0,0,0,0,0,0,32,42,1],[4,4,4,4,4,4,4,42,1,1],[1,1,1,1,1,1,1,1,1,1],[1,1,1,1,1,1,1,1,1,1],[1,1,1,1,1,1,1,1,1,1],[1,1,1,1,1,1,1,1,1,1],[0,0,0,0,0,0,0,0,0,0],[0,0,0,0,0,0,0,0,0,0]],"barriers":[[4,-276.9370460048426,-44.67554479418891,0,145,151,-1,1,0],[6,223,-546,0,145,60,1,1,"move:223|152"],[0,74,-346,0,164,164,0.9,0.9,0]]}