{"playerPos":{"x":-224.75438596491227,"y":-365.5526315789474,"z":0},"tileDataGrid":[[1,1,1,1,1,1,1,1,1,1],[1,1,1,1,1,1,1,1,1,1],[1,1,1,1,1,1,1,1,1,1],[5,5,5,5,5,5,5,5,16,1],[0,0,0,0,0,0,0,0,2,1],[0,0,0,0,0,0,0,0,2,1],[0,0,0,0,0,0,0,0,2,1],[0,0,0,0,0,0,0,0,2,1],[0,0,0,0,0,0,0,0,2,1],[4,4,4,4,8,0,0,0,2,1],[1,17,5,5,6,0,0,0,2,1],[1,3,0,0,12,0,0,0,2,1],[1,3,0,0,0,0,0,0,2,1],[1,3,0,0,0,0,0,0,2,1],[1,41,33,0,0,0,0,32,42,1],[1,1,41,33,0,0,32,42,1,1],[1,1,1,41,4,4,42,1,1,1],[1,1,1,1,1,1,1,1,1,1],[1,1,1,1,1,1,1,1,1,1],[1,1,1,1,1,1,1,1,1,1],[0,0,0,0,0,0,0,0,0,0],[0,0,0,0,0,0,0,0,0,0]],"barriers":[[4,-165,165,0,145,151,0.75,0.75,0],[2,10.964912280701753,-336.6228070175439,0,164,164,1,1,0]],"playerDirection":1}