{"playerPos":{"x":-272.5223880597015,"y":-141.3955223880596,"z":0},"tileDataGrid":[[1,1,1,1,1,1,1,1,1,1],[1,1,1,1,1,1,1,1,1,1],[1,1,1,17,5,5,5,5,39,1],[1,1,1,3,0,0,0,0,34,39],[1,1,1,3,0,0,0,0,0,2],[1,1,1,19,4,4,8,0,0,2],[5,5,5,5,5,5,6,0,0,7],[0,0,0,0,0,0,0,0,0,0],[0,0,0,0,0,0,0,0,0,0],[0,0,0,0,0,0,0,0,0,0],[0,0,0,0,0,0,0,0,0,0],[4,4,4,4,4,4,4,4,4,4],[1,1,1,1,1,1,1,1,1,1],[1,1,1,1,1,1,1,1,1,1],[1,1,1,1,1,1,1,1,1,1],[1,1,1,1,1,1,1,1,1,1],[1,1,1,1,1,1,1,1,1,1],[1,1,1,1,1,1,1,1,1,1],[1,1,1,1,1,1,1,1,1,1],[0,0,0,0,0,0,0,0,0,0],[0,0,0,0,0,0,0,0,0,0],[0,0,0,0,0,0,0,0,0,0]],"barriers":[[4,33,-439,0,145,151,-0.75,0.75,0],[7,-98.8805970149254,105.3656716417911,180,85,36,1,1,"sw:11"],[2,225.88059701492534,-165.24626865671632,0,200,60,1,1,"sw:11"],[0,222.01492537313425,-79.90298507462683,0,164,164,0.7,0.7,0]],"playerDirection":1}