{"playerPos":{"x":-0.8029978586723701,"y":-65.04282655246254,"z":0},"tileDataGrid":[[1,1,1,1,1,1,1,1,1,1],[1,1,1,1,1,1,1,1,1,1],[1,1,1,1,1,1,1,1,1,1],[5,5,5,5,16,17,5,5,5,5],[0,0,0,0,2,3,0,0,0,0],[0,0,0,0,2,3,0,0,0,0],[0,0,0,0,2,3,0,0,0,0],[0,0,0,10,5,5,11,0,0,0],[0,0,0,0,0,0,0,0,0,0],[0,0,0,0,0,0,0,0,0,0],[0,0,0,0,0,0,0,0,0,0],[0,0,0,0,0,0,0,0,0,0],[0,9,4,4,4,4,4,4,8,0],[0,7,5,5,5,5,5,5,6,0],[0,0,0,0,0,0,0,0,0,0],[0,0,0,0,0,0,0,0,0,0],[0,0,0,0,0,0,0,0,0,0],[0,0,0,0,0,0,0,0,0,0],[0,0,0,0,0,0,0,0,0,0],[0,0,0,0,0,0,0,0,0,0],[0,0,0,0,0,0,0,0,0,0],[0,0,0,0,0,0,0,0,0,0]],"barriers":[[4,279.00428265524624,-342.6680942184154,0,145,151,1,1,0],[4,-263.9443254817987,-343.2740899357601,0,145,151,-1,1,0]]}