{"playerPos":{"x":-163.00856531049251,"y":-288.27623126338324,"z":0},"tileDataGrid":[[1,1,1,1,1,1,1,1,1,1],[1,1,1,1,1,1,1,1,1,1],[1,1,1,1,1,1,1,1,1,1],[1,1,1,1,1,1,1,1,1,1],[1,17,5,5,16,17,5,5,16,1],[1,3,0,0,2,3,0,0,2,1],[1,3,0,0,2,3,0,0,2,1],[1,3,0,0,2,3,0,0,2,1],[1,3,0,0,2,3,0,0,2,1],[1,3,0,0,7,6,0,0,2,1],[1,3,0,0,0,0,0,0,2,1],[1,3,0,0,0,0,0,0,2,1],[1,3,0,0,0,0,0,32,42,1],[1,19,4,4,4,4,4,42,1,1],[1,1,1,1,1,1,1,1,1,1],[1,1,1,1,1,1,1,1,1,1],[1,1,1,1,1,1,1,1,1,1],[1,1,1,1,1,1,1,1,1,1],[1,1,1,1,1,1,1,1,1,1],[1,1,1,1,1,1,1,1,1,1],[0,0,0,0,0,0,0,0,0,0],[0,0,0,0,0,0,0,0,0,0]],"barriers":[[4,127,-287,0,145,151,0.75,0.75,0]],"playerDirection":1}