{"playerPos":{"x":-293.51441241685137,"y":-367.69623059866956,"z":0},"tileDataGrid":[[1,1,1,1,1,1,1,1,1,1],[1,1,1,1,1,1,1,1,1,1],[1,1,1,1,1,1,1,1,1,1],[5,5,5,5,5,5,5,5,5,5],[0,0,0,0,0,0,15,0,0,2],[0,0,0,36,0,0,15,0,0,2],[0,0,37,1,35,0,7,14,14,5],[0,0,0,38,0,0,0,0,0,2],[0,0,0,0,0,0,0,0,0,7],[0,0,0,0,0,0,0,0,0,0],[4,33,0,0,0,0,0,0,32,4],[1,41,33,0,0,0,0,32,42,1],[5,39,41,4,4,4,4,42,40,5],[0,34,5,5,5,5,5,5,31,0],[0,0,0,0,0,0,0,0,0,0],[0,0,0,0,0,0,0,0,0,0],[0,0,0,0,0,0,0,0,0,0],[0,0,0,0,0,0,0,0,0,0],[0,0,0,0,0,0,0,0,0,0],[0,0,0,0,0,0,0,0,0,0],[0,0,0,0,0,0,0,0,0,0],[0,0,0,0,0,0,0,0,0,0]],"barriers":[[4,201,-361,0,145,151,0.75,0.75,0],[7,-73.00221729490022,-197.72505543237247,-45,85,36,1,1,"sw:1"],[3,215.35476718403544,-138.509977827051,0,164,184,0.6,0.6,"sw:1"],[15,219.01773835920181,-113.57649667405758,0,164,164,1,1,0]],"playerDirection":1}