{"playerPos":{"x":-320.3961456102784,"y":-66.64882226980728,"z":0},"tileDataGrid":[[1,1,1,1,1,1,1,1,1,1],[1,1,1,1,1,1,1,1,1,1],[1,17,5,5,5,5,5,5,5,5],[1,3,0,0,0,0,0,0,0,0],[1,3,0,0,0,0,0,0,0,0],[1,3,0,0,0,0,0,0,0,0],[1,19,4,4,4,4,8,0,0,0],[5,5,5,5,5,16,3,0,0,0],[0,0,0,0,0,2,3,0,0,0],[0,0,0,0,0,7,6,0,0,0],[0,0,0,0,0,0,0,0,0,0],[0,0,0,0,0,0,0,0,0,0],[0,0,0,0,0,0,0,0,0,0],[0,0,0,0,0,0,0,0,0,0],[0,0,0,0,0,0,0,0,0,0],[0,0,0,0,0,0,0,0,0,0],[0,0,0,0,0,0,0,0,0,0],[0,0,0,0,0,0,0,0,0,0],[0,0,0,0,0,0,0,0,0,0],[0,0,0,0,0,0,0,0,0,0],[0,0,0,0,0,0,0,0,0,0],[0,0,0,0,0,0,0,0,0,0]],"barriers":[[4,71.4668094218415,-418.3618843683083,0,145,151,-1,1,0],[3,260.97430406852243,-402.30192719486075,0,164,184,1,1,0],[6,32.794432548179884,89.13276231263387,0,200,50,1,1,"move:-100|89"],[0,-18,156,0,164,164,0.5,0.5,0]]}