{"playerPos":{"x":-260.3383458646617,"y":-366.5413533834586,"z":0},"tileDataGrid":[[1,1,1,1,1,1,1,1,1,1],[1,1,1,1,1,1,1,1,1,1],[1,1,1,1,1,1,1,1,1,1],[5,5,5,21,5,5,5,5,5,5],[0,0,0,15,0,0,0,0,0,0],[0,0,0,15,0,0,0,0,0,0],[0,0,0,15,0,0,0,0,0,0],[0,0,0,15,0,0,0,10,14,14],[0,0,0,12,0,0,0,0,0,0],[0,0,0,0,0,0,0,0,0,0],[0,0,0,0,0,0,0,0,0,0],[0,0,0,0,0,0,0,0,0,0],[4,4,4,4,4,4,4,4,4,4],[1,1,1,1,1,1,1,1,1,1],[1,1,1,1,1,1,1,1,1,1],[1,1,1,1,1,1,1,1,1,1],[1,1,1,1,1,1,1,1,1,1],[5,5,5,5,5,5,5,5,5,5],[0,0,0,0,0,0,0,0,0,0],[0,0,0,0,0,0,0,0,0,0],[0,0,0,0,0,0,0,0,0,0],[0,0,0,0,0,0,0,0,0,0]],"barriers":[[11,166.3533834586466,-37.59398496240601,0,164,164,1,1,0],[3,322,-78,0,164,164,0.5,0.5,"sw:2"],[7,-239,181,180,85,36,1,1,"sw:2"],[4,41.691729323308266,-342.1052631578947,0,145,151,1,1,0]]}