{"playerPos":{"x":-317,"y":6,"z":0},"tileDataGrid":[[1,1,1,1,1,1,1,1,1,1],[1,1,1,1,1,1,1,1,1,1],[1,1,1,1,1,1,1,1,1,1],[1,1,1,1,17,5,5,5,5,5],[1,1,1,1,3,0,0,0,0,0],[1,1,1,1,3,0,0,0,0,0],[1,1,1,1,3,0,0,0,0,0],[1,1,1,1,3,0,0,0,0,0],[5,5,5,5,6,0,0,0,0,0],[0,0,0,0,0,0,0,0,0,0],[0,0,0,0,0,0,0,0,0,0],[0,0,0,0,0,0,0,0,0,0],[0,0,0,0,0,0,0,0,0,0],[0,0,0,0,0,0,0,0,0,0],[0,0,0,0,0,0,0,0,0,0],[0,0,0,0,0,0,0,0,0,0],[0,0,0,0,0,0,0,0,0,0],[0,0,0,0,0,0,0,0,0,0],[0,0,0,0,0,0,0,0,0,0],[0,0,0,0,0,0,0,0,0,0],[0,0,0,0,0,0,0,0,0,0],[0,0,0,0,0,0,0,0,0,0]],"barriers":[[4,170.49602122015915,-345.1591511936339,0,145,151,1,1,0],[0,-96.4854111405835,36.80371352785153,0,164,164,1,1,0]]}