{"playerPos":{"x":-315,"y":159,"z":0},"tileDataGrid":[[1,1,1,1,1,1,1,1,1,1],[1,17,5,5,5,5,5,5,5,16],[1,3,0,0,0,0,0,0,0,2],[1,3,0,0,0,0,0,0,0,2],[1,3,0,0,0,0,0,0,0,2],[1,3,0,0,0,0,0,0,0,2],[1,3,0,0,0,0,0,0,0,2],[1,3,0,0,0,0,0,0,0,2],[1,3,0,0,0,0,0,0,0,2],[1,3,0,0,0,0,0,0,0,2],[5,6,0,0,0,0,0,0,0,7],[0,0,0,0,0,0,0,0,0,0],[0,0,0,0,0,0,0,0,0,0],[0,0,0,0,0,0,0,0,0,0],[0,0,0,0,0,0,0,0,0,0],[0,0,0,0,0,0,0,0,0,0],[0,0,0,0,0,0,0,0,0,0],[0,0,0,0,0,0,0,0,0,0],[0,0,0,0,0,0,0,0,0,0],[0,0,0,0,0,0,0,0,0,0],[0,0,0,0,0,0,0,0,0,0],[0,0,0,0,0,0,0,0,0,0]],"barriers":[[4,79,25,0,145,151,0.7,0.7,0],[6,138.15789473684208,-167.2932330827067,10,300,164,1,0.5,0],[11,-3.2556390977443925,0.44360902255641577,10,164,300,0.5,1,0],[11,-11.691729323308266,192.17293233082705,10,264,164,1,0.5,0],[11,216,41,10,164,300,0.5,1,0]],"playerDirection":1}