{"playerPos":{"x":-273.49624060150376,"y":-364.58646616541347,"z":0},"tileDataGrid":[[1,1,1,1,1,1,1,1,1,1],[1,1,1,1,1,1,1,1,1,1],[1,1,1,1,1,1,1,1,1,1],[5,5,5,5,5,5,5,21,5,5],[0,0,0,0,0,0,0,15,0,0],[0,0,0,0,0,0,0,12,0,0],[0,0,0,0,0,0,0,0,0,0],[0,0,0,0,0,0,0,0,0,0],[0,0,0,0,0,0,0,0,0,0],[0,0,0,0,0,0,0,0,0,0],[0,0,0,0,0,0,0,0,0,0],[0,0,0,0,0,0,0,0,0,0],[0,0,0,0,0,0,0,0,0,0],[0,0,0,0,0,0,0,0,0,0],[0,0,0,0,0,0,0,0,0,0],[0,0,0,0,0,0,0,0,0,0],[0,0,0,0,0,0,0,0,0,0],[0,0,0,0,0,0,0,0,0,0],[0,0,0,0,0,0,0,0,0,0],[0,0,0,0,0,0,0,0,0,0],[0,0,0,0,0,0,0,0,0,0],[0,0,0,0,0,0,0,0,0,0]],"barriers":[[4,304.33082706766913,-343.6691729323308,0,145,151,1,1,0],[1,67.72932330827064,-337.8646616541353,0,164,164,1,1,0],[1,136.36090225563908,-172.93233082706763,0,164,164,1,1,0],[1,79.36090225563908,-11.879699248120232,0,164,164,1,1,0],[1,137,152.01503759398497,0,164,164,1,1,0],[2,175.91729323308266,315.9097744360903,0,164,164,1,1,0]]}