{"playerPos":{"x":-282.57446808510645,"y":157.5957446808511,"z":0},"tileDataGrid":[[0,0,0,0,0,0,0,0,0,0],[32,4,4,4,4,4,4,4,4,33],[42,1,1,1,1,1,1,1,1,41],[1,1,1,40,44,5,5,5,44,39],[1,1,1,3,38,0,0,0,38,2],[1,1,1,3,0,0,0,0,0,2],[1,1,1,3,0,0,0,0,0,2],[1,1,1,3,0,0,0,9,4,42],[1,1,1,3,0,0,0,7,5,5],[1,1,1,3,0,0,0,0,0,0],[5,5,5,3,0,0,0,0,0,0],[0,0,0,15,0,0,0,0,0,0],[0,0,0,12,0,0,0,0,0,0],[0,0,0,0,0,0,0,0,0,0],[0,0,0,0,0,0,0,0,0,0],[0,0,0,0,0,0,0,0,0,0],[0,0,0,0,0,0,0,0,0,0],[0,0,0,0,0,0,0,0,0,0],[0,0,0,0,0,0,0,0,0,0],[0,0,0,0,0,0,0,0,0,0],[0,0,0,0,0,0,0,0,0,0],[0,0,0,0,0,0,0,0,0,0]],"barriers":[[4,169.0921985815603,-344.85815602836885,0,145,151,1,1,0],[2,-108.58865248226954,295.2127659574469,0,80,80,1,1,0],[5,-104.90780141843976,380.0921985815604,0,164,184,0.5,0.5,0]]}