{"playerPos":{"x":-247.80701754385967,"y":-207.23684210526324,"z":0},"tileDataGrid":[[1,1,1,1,1,1,1,1,1,1],[1,1,1,1,1,1,1,1,1,1],[1,1,1,1,1,1,1,1,1,1],[1,1,1,1,1,1,1,1,1,1],[1,1,1,1,1,1,1,1,1,1],[5,5,5,5,5,5,16,1,1,1],[0,0,0,0,0,0,2,1,1,1],[0,0,0,0,0,0,2,1,1,1],[0,0,0,0,0,0,2,5,5,5],[0,0,0,0,0,0,15,0,0,0],[0,0,0,0,0,0,15,0,0,0],[0,0,0,0,0,0,15,0,0,0],[0,0,0,0,0,0,15,0,0,0],[0,0,0,0,0,0,2,4,4,4],[0,0,0,0,0,0,2,1,1,1],[14,11,0,0,0,0,2,1,1,1],[0,0,0,0,0,0,2,1,1,1],[0,0,0,0,0,0,2,1,1,1],[0,0,0,0,0,0,2,1,1,1],[0,0,0,0,0,0,2,1,1,1],[0,0,0,0,0,0,2,1,1,1],[0,0,0,0,0,0,2,1,1,1]],"barriers":[[3,-217,572,0,164,184,1,1,0],[4,301.7368421052631,31.921052631578846,0,145,151,1,1,0],[9,-289,403,180,85,36,1,1,"sw:21"],[14,-7,59,0,164,164,1,1,"sw:21"]]}