{"playerPos":{"x":-307.79391100702577,"y":385.0515222482435,"z":0},"tileDataGrid":[[1,1,1,1,1,1,1,1,1,1],[1,1,1,1,1,1,1,1,1,1],[1,1,1,1,1,1,1,1,1,1],[1,1,1,1,1,1,1,1,1,1],[5,5,5,5,5,5,5,5,5,5],[0,0,0,0,0,0,0,0,0,0],[0,0,0,0,0,0,0,0,0,0],[0,0,0,0,0,0,0,0,0,0],[0,0,0,0,0,0,0,0,0,0],[0,0,0,0,0,0,0,0,0,0],[0,0,0,0,0,0,0,0,0,9],[0,0,0,0,0,0,0,0,0,2],[0,0,0,0,0,0,0,0,0,2],[14,14,14,14,11,0,0,0,0,7],[0,0,0,0,0,0,0,0,0,0],[0,0,0,0,0,0,0,0,0,0],[0,0,0,0,0,0,0,0,0,0],[0,0,0,0,0,0,0,0,0,0],[0,0,0,0,0,0,0,0,0,0],[0,0,0,0,0,0,0,0,0,0],[0,0,0,0,0,0,0,0,0,0],[0,0,0,0,0,0,0,0,0,0]],"barriers":[[3,70.28805620608898,-280.1522248243559,0,164,184,0.7,0.7,0],[3,130.7892271662763,-164.22716627634657,0,164,184,0.7,0.7,0],[4,127.82903981264633,-38.250585480093605,0,145,151,1,1,0],[4,-146.66276346604215,-267.85714285714283,0,145,151,-1,1,0],[3,197.599531615925,-279.639344262295,0,164,184,0.7,0.7,0],[2,-93.96955503512879,412.1288056206089,0,164,164,1,1,0]]}