{"playerPos":{"x":-194.0866510538642,"y":310.0117096018736,"z":0},"tileDataGrid":[[1,1,1,1,1,1,1,1,1,1],[1,1,1,1,1,1,1,1,1,1],[1,1,1,1,1,1,1,1,1,1],[1,1,1,1,5,5,5,5,1,1],[1,1,1,3,0,0,0,0,2,1],[1,1,1,3,0,0,0,0,2,1],[5,5,5,5,14,14,14,14,5,5],[0,0,0,0,0,0,0,0,0,0],[0,0,0,0,0,0,0,0,0,0],[0,0,0,0,0,0,0,0,0,0],[0,0,0,0,0,0,0,0,0,0],[0,0,0,0,0,0,0,0,0,0],[14,14,11,0,0,0,0,0,0,0],[0,0,0,0,0,0,0,0,0,0],[0,0,0,0,0,0,0,0,0,0],[0,0,0,0,0,0,0,0,0,0],[0,0,0,0,0,0,0,0,0,0],[0,0,0,0,0,0,0,0,0,0],[0,0,0,0,0,0,0,0,0,0],[0,0,0,0,0,0,0,0,0,0],[0,0,0,0,0,0,0,0,0,0],[0,0,0,0,0,0,0,0,0,0]],"barriers":[[4,121,-363,0,145,151,0.75,0.75,0],[6,107.94379391100699,127.34192037470723,0,250,60,1,1,"move:85|-164"],[3,112,249,0,164,184,1,1,0]],"playerDirection":1}