{"playerPos":{"x":98.549889135255,"y":-443.18181818181813,"z":0},"tileDataGrid":[[1,1,1,1,1,1,1,1,1,1],[1,1,1,1,1,1,1,1,1,1],[5,5,5,5,5,5,5,5,5,5],[0,0,0,0,0,0,0,0,0,0],[0,0,0,0,0,0,0,0,0,0],[0,0,0,0,0,0,0,0,0,0],[14,14,14,14,14,14,14,14,14,14],[0,0,0,0,0,0,0,0,0,0],[0,0,0,0,0,0,0,0,0,0],[0,0,0,0,0,0,0,0,0,0],[0,0,0,0,0,0,0,0,0,0],[0,0,0,0,0,0,0,0,0,0],[0,0,36,36,36,36,36,36,0,0],[14,14,53,53,53,53,53,53,14,14],[0,0,38,38,38,38,38,38,0,0],[0,0,0,0,0,0,0,0,0,0],[0,0,0,0,0,0,0,0,0,0],[0,0,0,0,0,0,0,0,0,0],[0,0,0,0,0,0,0,0,0,0],[0,0,0,0,0,0,0,0,0,0],[0,0,0,0,0,0,0,0,0,0],[0,0,0,0,0,0,0,0,0,0]],"barriers":[[3,22.450110864745056,-130.54323725055428,0,164,184,0.7,0.7,"sw:1"],[4,19.472283813747254,-4.820399113081976,0,145,151,1,1,0],[4,-264.91796008869176,-118.92461197339242,0,145,151,1,1,0],[4,292.8625277161862,-118.23946784922384,0,145,151,1,1,0],[7,-259.4833702882483,-269.8957871396895,180,85,36,1,1,"sw:1"],[0,123.89135254988912,-170.45454545454538,0,164,164,0.3,0.3,0],[0,-76.26164079822615,-171.78048780487796,0,164,164,0.3,0.3,0],[15,-109.29490022172945,-400.58536585365846,0,184,190,1,1,0]]}