{"playerPos":{"x":-217.7710843373494,"y":-290.06024096385545,"z":0},"tileDataGrid":[[1,1,1,1,1,1,1,1,1,1],[1,1,1,1,1,1,1,1,1,1],[1,1,1,1,1,1,1,1,1,1],[1,1,1,1,1,1,1,1,1,1],[5,5,5,5,5,5,21,5,5,21],[0,0,0,0,0,0,15,0,0,15],[0,0,0,0,0,0,15,0,0,15],[0,0,0,0,0,0,15,0,0,15],[0,0,0,0,0,0,7,14,14,6],[0,0,0,0,0,0,0,0,0,0],[0,0,0,0,0,0,0,0,0,0],[0,0,0,0,0,0,0,0,0,0],[0,0,0,0,0,0,0,0,0,0],[0,0,0,0,0,0,0,0,0,0],[0,0,0,0,0,0,0,0,0,0],[0,0,0,0,0,0,0,0,0,0],[0,0,0,0,0,0,0,0,0,0],[0,0,0,0,0,0,0,0,0,0],[0,0,0,0,0,0,0,0,0,0],[0,0,0,0,0,0,0,0,0,0],[0,0,0,0,0,0,0,0,0,0],[0,0,0,0,0,0,0,0,0,0]],"barriers":[[4,201,-291,0,118,149,0.75,0.75,0],[1,217,39,0,164,164,1,1,0],[1,216,201,0,164,164,1,1,0],[3,216,375,0,164,184,1,1,0]],"playerDirection":1}