{"playerPos":{"x":56.92771084337346,"y":83.62650602409644,"z":0},"tileDataGrid":[[1,1,1,1,1,1,3,0,0,2],[1,1,1,1,1,1,3,0,0,2],[1,1,1,1,1,1,3,0,0,2],[1,1,1,1,1,1,3,0,0,2],[1,1,1,1,1,1,3,0,0,2],[17,5,5,5,5,5,6,0,0,2],[3,0,0,0,0,0,0,0,0,2],[3,0,0,0,0,0,0,0,0,2],[3,0,0,0,9,4,4,4,4,18],[3,0,0,0,7,5,5,5,5,5],[3,0,0,0,0,0,0,0,0,0],[3,0,0,0,0,0,0,0,0,0],[3,0,0,0,0,0,0,0,0,0],[3,0,0,0,0,0,0,0,0,0],[3,0,0,0,0,0,0,0,0,0],[3,0,0,0,0,0,0,0,0,0],[3,0,0,0,0,0,0,0,0,0],[3,0,0,0,0,0,0,0,0,0],[0,0,0,0,0,0,0,0,0,0],[0,0,0,0,0,0,0,0,0,0],[0,0,0,0,0,0,0,0,0,0],[0,0,0,0,0,0,0,0,0,0]],"barriers":[[2,-34.554216867469904,-193.75903614457832,0,120,140,1,1,0],[4,129,-217,0,118,149,-0.75,0.75,0]],"playerDirection":1}