{"playerPos":{"x":-312.05035971223015,"y":-293.1654676258993,"z":0},"tileDataGrid":[[1,1,1,1,3,0,0,2,1,1],[1,1,1,1,3,0,0,2,1,1],[1,1,1,1,3,0,0,2,1,1],[1,1,1,1,3,0,0,2,1,1],[5,5,5,16,3,0,0,2,1,1],[0,0,0,7,6,0,0,7,5,5],[0,0,0,0,0,0,0,0,0,0],[0,0,0,9,8,0,0,0,0,0],[0,0,0,2,3,0,0,0,0,0],[0,0,0,2,3,0,0,0,0,0],[0,0,0,2,3,0,0,0,0,0],[0,0,0,2,3,0,0,0,0,0],[0,0,0,2,3,0,0,0,0,0],[0,0,0,7,6,0,0,0,0,0],[0,0,0,0,0,0,0,0,0,0],[0,0,0,0,0,0,0,0,0,0],[0,0,0,0,0,0,0,0,0,0],[0,0,0,0,0,0,0,0,0,0],[0,0,0,0,0,0,0,0,0,0],[0,0,0,0,0,0,0,0,0,0],[0,0,0,0,0,0,0,0,0,0],[0,0,0,0,0,0,0,0,0,0]],"barriers":[[2,49.69784172661872,-233.61151079136687,0,400,70,1,1,0],[4,80.43165467625903,-124.10071942446041,0,145,151,1,1,0]]}