{"playerPos":{"x":4.537313432835788,"y":-367.87313432835816,"z":0},"tileDataGrid":[[0,0,2,1,1,1,1,3,0,0],[0,0,2,1,1,1,1,3,0,0],[0,32,42,1,1,1,1,41,33,0],[4,47,5,5,5,5,5,5,48,4],[40,31,0,0,0,0,0,0,34,39],[3,0,0,0,0,0,0,0,0,2],[3,0,0,0,0,0,0,0,0,2],[3,0,0,0,0,0,0,0,0,2],[41,33,0,0,0,0,0,0,32,42],[5,6,0,0,0,0,0,0,7,5],[0,0,0,0,0,0,0,0,0,0],[0,0,0,0,0,0,0,0,0,0],[4,4,4,4,4,4,4,4,4,4],[1,1,1,1,1,1,1,1,1,1],[1,1,1,1,1,1,1,1,1,1],[1,1,1,1,1,1,1,1,1,1],[1,1,1,1,1,1,1,1,1,1],[1,1,1,1,1,1,1,1,1,1],[0,0,0,0,0,0,0,0,0,0],[0,0,0,0,0,0,0,0,0,0],[0,0,0,0,0,0,0,0,0,0],[0,0,0,0,0,0,0,0,0,0]],"barriers":[[4,229,83,0,145,151,0.75,0.75,0],[4,-237,85,0,145,151,-0.75,0.75,0],[8,-254.40298507462688,-76.82835820895514,-135,85,36,1,1,"sw:21"],[13,313,102,0,164,164,1,1,"sw:22"],[13,-307,99,0,164,164,1,1,"sw:21"],[7,262,-79,-225,85,36,1,1,"sw:22"]],"playerDirection":1}