{"playerPos":{"x":-298.4668435013262,"y":-140.37931034482767,"z":0},"tileDataGrid":[[1,1,1,1,1,1,1,1,1,1],[1,1,1,1,1,1,1,1,1,1],[1,1,1,1,1,17,5,5,16,1],[1,1,1,1,1,3,0,0,2,1],[1,1,1,1,1,3,0,0,2,1],[1,1,1,1,1,3,0,0,2,1],[5,5,5,5,5,6,0,0,7,5],[0,0,0,0,0,0,0,0,0,0],[0,0,0,0,0,0,0,0,0,0],[0,0,0,0,0,0,0,0,0,0],[0,0,0,0,0,0,0,0,0,0],[0,0,0,0,0,0,0,0,0,0],[4,4,4,4,4,4,4,4,4,4],[1,1,1,1,1,1,1,1,1,1],[1,1,1,1,1,1,1,1,1,1],[1,1,1,1,1,1,1,1,1,1],[1,1,1,1,1,1,1,1,1,1],[1,1,1,1,1,1,1,1,1,1],[0,0,0,0,0,0,0,0,0,0],[0,0,0,0,0,0,0,0,0,0],[0,0,0,0,0,0,0,0,0,0],[0,0,0,0,0,0,0,0,0,0]],"barriers":[[4,129,-437,0,145,151,0.75,0.75,0],[7,-79.4854111405835,-194.0185676392573,0,85,36,1,1,"sw:11"],[6,152,-236,0,150,80,1,1,"sw:11"]],"playerDirection":1}