{"playerPos":{"x":-212.79443254817988,"y":84.52676659528913,"z":0},"tileDataGrid":[[1,1,1,1,1,1,1,1,1,1],[1,1,1,1,1,1,1,1,1,1],[1,1,1,1,1,1,1,1,1,1],[5,5,5,5,5,5,5,5,5,5],[0,0,0,0,0,0,0,0,0,0],[0,0,0,0,0,0,0,0,0,0],[0,0,0,0,0,0,0,0,0,0],[0,0,0,0,0,0,0,0,0,0],[0,0,0,0,0,0,0,0,0,9],[14,14,11,0,0,0,0,0,0,2],[0,0,0,0,0,0,0,0,0,7],[0,0,0,0,0,0,0,0,0,0],[0,0,0,0,0,0,0,0,0,0],[0,0,0,0,0,0,0,0,0,0],[0,0,0,0,0,0,0,0,0,0],[0,0,0,0,0,0,0,0,0,0],[0,0,0,0,0,0,0,0,0,0],[0,0,0,0,0,0,0,0,0,0],[0,0,0,0,0,0,0,0,0,0],[0,0,0,0,0,0,0,0,0,0],[0,0,0,0,0,0,0,0,0,0],[0,0,0,0,0,0,0,0,0,0]],"barriers":[[4,110.01070663811561,-341.88008565310486,0,145,151,1,1,0],[7,298.7002141327623,-0.8029978586723701,90,85,36,1,1,"sw:11"],[11,111.31123919308357,248.28530259366005,0,164,164,1,1,0],[6,108.9250720461095,141.08645533141214,0,300,50,1,1,"sw:11"]]}