{"playerPos":{"x":128,"y":80,"z":0},"tileDataGrid":[[1,1,1,1,1,1,1,1,1,1],[1,1,1,1,1,1,1,1,1,1],[1,1,1,1,1,1,1,1,1,1],[17,5,5,5,5,16,17,5,5,16],[3,0,0,0,0,7,6,0,0,2],[3,0,0,0,0,0,0,0,0,2],[3,0,0,0,0,0,0,0,0,2],[3,0,0,0,0,0,0,0,0,2],[3,0,0,0,0,9,8,0,0,2],[5,14,14,14,14,5,6,0,0,7],[0,0,0,0,0,0,0,0,0,0],[0,0,0,0,0,0,0,0,0,0],[0,0,0,0,0,0,0,0,0,0],[0,0,0,0,0,0,0,0,0,0],[0,0,0,0,0,0,0,0,0,0],[0,0,0,0,0,0,0,0,0,0],[0,0,0,0,0,0,0,0,0,0],[0,0,0,0,0,0,0,0,0,0],[0,0,0,0,0,0,0,0,0,0],[0,0,0,0,0,0,0,0,0,0],[0,0,0,0,0,0,0,0,0,0],[0,0,0,0,0,0,0,0,0,0]],"barriers":[[2,73.57831325301203,-234.03614457831327,0,140,210,1,1,0],[4,-138.25301204819277,-344.277108433735,0,118,149,1,1,0]]}