{"playerPos":{"x":-275.5305039787798,"y":-442.6392572944296,"z":0},"tileDataGrid":[[1,1,1,1,1,1,1,1,1,1],[1,1,1,1,1,1,1,1,1,1],[5,5,5,16,1,17,5,5,5,5],[0,0,0,2,1,3,0,0,0,0],[0,0,0,2,1,3,0,0,0,0],[0,0,0,2,1,3,0,0,0,0],[0,0,0,2,1,3,0,0,0,0],[0,0,0,2,1,3,0,0,0,0],[0,0,0,2,1,3,0,0,0,0],[0,0,0,2,1,3,0,0,0,0],[0,0,0,2,1,3,0,0,0,0],[0,0,0,2,1,3,0,0,0,9],[11,0,10,5,5,5,11,0,0,2],[0,0,0,0,0,0,0,0,0,2],[0,0,0,0,0,0,0,0,0,2],[0,0,0,0,0,0,0,0,0,2],[0,0,0,0,0,0,0,0,0,2],[0,0,0,0,0,0,0,0,0,0],[0,0,0,0,0,0,0,0,0,0],[0,0,0,0,0,0,0,0,0,0],[0,0,0,0,0,0,0,0,0,0],[0,0,0,0,0,0,0,0,0,0]],"barriers":[[3,287.4668435013263,-432.6923076923076,0,164,184,0.7,0.7,0],[4,175,-439,0,145,151,-0.75,0.75,0],[4,-43,410,0,145,151,-1,1,0],[3,-251.65782493368695,345.1591511936339,0,164,184,1,1,0],[2,-45,295,0,80,80,1,1,0]],"playerDirection":1}