{"playerPos":{"x":-314.4347826086957,"y":8.619565217391369,"z":0},"tileDataGrid":[[1,1,1,1,1,1,1,1,1,1],[1,1,1,1,1,1,1,1,1,1],[1,1,1,1,1,1,1,1,1,1],[1,1,1,1,1,1,1,1,1,1],[1,1,1,1,1,1,1,1,1,1],[1,1,40,5,5,5,5,5,39,1],[1,1,3,0,0,0,0,0,2,1],[1,1,3,0,0,0,0,0,2,1],[5,5,6,0,0,0,0,0,7,5],[0,0,0,0,0,0,0,0,0,0],[0,0,0,0,0,0,0,0,0,0],[0,0,0,0,0,0,0,0,0,0],[0,0,0,0,0,0,0,0,0,0],[0,0,0,0,0,0,0,0,0,0],[0,0,0,0,0,0,0,0,0,0],[0,0,0,0,0,0,0,0,0,0],[0,0,0,0,0,0,0,0,0,0],[0,0,0,0,0,0,0,0,0,0],[0,0,0,0,0,0,0,0,0,0],[0,0,0,0,0,0,0,0,0,0],[0,0,0,0,0,0,0,0,0,0],[0,0,0,0,0,0,0,0,0,0]],"barriers":[[4,277.1739130434783,29.163043478260875,0,145,151,1,1,0],[16,177.73913043478257,-190.57608695652175,0,65,159,1,1,0],[0,-241.0652173913044,-25.010869565217376,0,164,164,0.25,0.25,0],[3,17.217391304347814,-177.85869565217388,0,164,184,1,1,0]]}