{"playerPos":{"x":316.85714285714283,"y":-141.07142857142856,"z":0},"playerDirection":-1,"tileDataGrid":[[0,0,0,0,0,0,0,0,0,0],[0,0,0,0,0,0,0,0,0,0],[0,0,0,0,0,0,0,0,0,0],[0,0,0,0,0,0,0,0,0,0],[4,4,4,4,4,4,4,4,4,4],[1,1,40,5,39,1,1,1,1,1],[1,40,31,36,34,5,5,5,5,5],[1,3,37,53,35,0,0,0,0,0],[1,41,33,38,32,8,0,0,0,0],[1,1,3,0,2,3,0,0,0,0],[5,5,6,0,7,5,5,5,5,5],[0,0,0,0,0,0,0,0,0,0],[0,0,0,0,0,0,0,0,0,0],[0,0,0,0,0,0,0,0,0,0],[0,0,0,0,0,0,0,0,0,0],[4,4,4,4,4,4,4,4,4,4],[0,38,0,0,0,38,0,0,38,0],[0,0,0,0,0,0,0,0,0,0],[0,0,0,0,0,0,0,0,0,0],[0,0,0,0,0,0,0,0,0,0],[0,0,0,0,0,0,0,0,0,0],[0,0,0,0,0,0,0,0,0,0]],"barriers":[[16,4.142857142857167,183.71428571428567,0,65,159,1,1,0],[17,235,181,0,172,197,1,1,0]]}