{"playerPos":{"x":-274.30555555555554,"y":232.94444444444457,"z":0},"tileDataGrid":[[1,1,1,1,1,1,1,1,1,1],[1,1,1,1,1,1,1,1,1,1],[1,1,1,1,1,1,1,1,1,1],[1,1,1,1,1,1,1,1,1,1],[1,1,1,1,40,5,5,5,5,5],[1,1,1,1,3,0,0,0,0,0],[1,1,1,1,3,0,0,0,0,0],[1,1,1,1,3,0,0,0,10,14],[1,1,1,1,3,0,0,0,0,0],[1,1,1,1,3,0,0,0,0,0],[1,1,1,1,3,0,0,0,0,0],[5,5,5,5,6,0,0,0,0,0],[0,0,0,0,0,0,0,0,0,0],[0,0,0,0,0,0,0,0,0,0],[0,0,0,0,0,0,0,0,0,0],[0,0,0,0,0,0,0,0,0,0],[0,0,0,0,0,0,0,0,0,0],[0,0,0,0,0,0,0,0,0,0],[0,0,0,0,0,0,0,0,0,0],[0,0,0,0,0,0,0,0,0,0],[0,0,0,0,0,0,0,0,0,0],[0,0,0,0,0,0,0,0,0,0]],"barriers":[[4,-45.083333333333314,257.25,0,145,151,1,1,0],[3,243.90277777777783,-265.625,0,164,184,0.87,0.87,0],[16,315.9722222222223,-39.93055555555554,0,65,159,1,1,0]],"playerDirection":1}