{"playerPos":{"x":-246.28571428571425,"y":232.71428571428567,"z":0},"playerDirection":1,"tileDataGrid":[[0,0,0,0,0,0,0,0,0,0],[0,0,0,0,0,0,0,0,0,0],[4,4,4,4,4,4,4,4,4,4],[40,5,5,5,5,5,5,5,5,39],[3,0,0,0,0,0,0,0,32,42],[3,0,0,0,0,0,0,0,34,39],[41,33,0,0,0,0,0,0,0,34],[1,41,33,0,0,0,0,0,0,32],[1,40,5,5,5,5,5,5,5,39],[40,31,0,0,0,0,0,0,0,34],[31,0,0,0,0,0,0,0,0,32],[4,14,11,0,0,0,0,0,32,42],[3,0,0,0,0,0,0,32,42,1],[3,0,0,0,0,0,32,42,1,1],[6,0,0,0,0,37,43,1,1,40],[0,0,0,0,0,0,34,39,40,31],[0,0,0,0,0,0,0,34,31,0],[0,0,0,0,0,0,0,0,0,0],[0,0,0,0,0,0,0,0,0,0],[0,0,0,0,0,0,0,0,0,0],[0,0,0,0,0,0,0,0,0,0],[0,0,0,0,0,0,0,0,0,0]],"barriers":[[17,139,31,0,172,197,1,1,0],[17,139,-363,0,172,197,0.75,0.75,0],[17,-199,-343,0,172,197,-1,1,0],[16,-45.071428571428555,34.5,0,65,159,1,1,0],[3,-16.714285714285666,-355.57142857142856,0,164,184,0.7,0.7,"sw:1"],[7,335.5714285714286,-9.785714285714334,45,85,36,1,1,"sw:1"]]}