{"playerPos":{"x":-264.47222222222223,"y":-368.2638888888889,"z":0},"tileDataGrid":[[1,1,1,1,1,1,1,1,1,1],[1,1,1,1,1,1,1,1,1,1],[1,1,1,1,1,1,1,1,1,1],[5,5,5,5,39,1,1,1,1,1],[0,0,0,0,2,1,1,1,1,1],[0,0,0,0,2,1,1,1,1,1],[0,0,0,0,2,1,1,1,1,1],[0,0,0,0,2,1,1,1,1,1],[0,0,0,0,2,5,5,5,5,39],[0,0,0,0,15,0,0,0,0,2],[0,0,0,0,15,0,0,0,0,2],[0,0,0,0,12,0,0,0,0,2],[0,0,0,0,0,0,0,0,0,2],[0,0,0,0,0,0,0,0,0,2],[0,0,0,0,0,0,0,0,0,2],[0,0,0,0,0,0,0,0,0,2],[4,4,4,4,4,4,4,4,4,42],[1,1,1,1,1,1,1,1,1,1],[1,1,1,1,1,1,1,1,1,1],[1,1,1,1,42,1,1,1,1,1],[0,0,0,0,0,0,0,0,0,0],[0,0,0,0,0,0,0,0,0,0]],"barriers":[[4,161,27,0,145,151,1,1,0],[16,56.27777777777783,32.9861111111112,0,65,159,-1,1,0]],"playerDirection":1}