{"playerPos":{"x":-202.02127659574472,"y":-516.8439716312057,"z":0},"tileDataGrid":[[1,1,1,1,1,1,1,1,1,1],[40,5,5,39,1,1,1,1,1,1],[3,0,0,34,39,1,1,1,1,1],[3,0,0,0,34,39,1,1,1,1],[3,0,0,0,0,34,39,1,1,1],[41,4,4,33,0,0,34,39,1,1],[1,1,1,41,33,0,0,34,5,39],[1,1,1,1,41,33,0,0,0,2],[1,1,1,1,1,3,0,0,0,2],[1,1,1,1,1,3,0,0,0,2],[1,1,1,1,40,31,0,0,0,2],[1,1,1,40,31,0,0,32,4,42],[40,5,5,31,0,0,32,42,1,1],[3,0,0,0,0,32,42,1,1,1],[3,0,0,0,32,42,1,1,1,1],[3,0,0,32,42,1,1,1,1,1],[41,4,4,42,1,1,1,1,1,1],[1,1,1,1,1,1,1,1,1,1],[0,0,0,0,0,0,0,0,0,0],[0,0,0,0,0,0,0,0,0,0],[0,0,0,0,0,0,0,0,0,0],[0,0,0,0,0,0,0,0,0,0]],"barriers":[[16,268.5248226950354,-115.9078014184397,0,65,159,1,1,0],[4,-157,329,0,145,151,-1,1,0]],"playerDirection":1}