{"playerPos":{"x":-171.1956521739131,"y":-367.6630434782609,"z":0},"tileDataGrid":[[1,1,1,1,1,1,1,1,1,1],[1,1,1,1,1,1,1,1,1,1],[1,1,1,1,1,1,1,1,1,1],[5,5,5,5,5,5,5,39,1,1],[0,0,0,0,0,0,0,2,1,1],[0,0,0,0,0,0,0,2,1,1],[0,0,0,0,0,0,0,2,1,1],[4,4,4,8,0,0,0,2,1,1],[1,1,1,3,0,0,0,2,1,1],[1,1,1,3,0,0,0,2,1,1],[1,1,1,3,0,0,0,2,1,1],[1,1,1,3,0,0,0,2,1,1],[1,1,1,3,0,0,0,2,1,1],[5,5,5,6,0,0,0,7,5,5],[0,0,0,0,0,0,0,0,0,0],[0,0,0,0,0,0,0,0,0,0],[0,0,0,0,0,0,0,0,0,0],[0,0,0,0,0,0,0,0,0,0],[0,0,0,0,0,0,0,0,0,0],[0,0,0,0,0,0,0,0,0,0],[0,0,0,0,0,0,0,0,0,0],[0,0,0,0,0,0,0,0,0,0]],"barriers":[[4,-155.78260869565221,404.57608695652186,0,145,151,-1,1,0],[16,203.1739130434782,409.6847826086956,0,65,159,1,1,0]]}