{"playerPos":{"x":-304.68819599109133,"y":-365.8129175946548,"z":0},"tileDataGrid":[[1,1,1,1,1,1,1,1,1,1],[1,1,1,1,1,1,1,1,1,1],[1,1,1,1,1,1,1,1,1,1],[5,5,5,5,5,5,5,5,5,5],[0,0,0,0,0,0,0,0,0,2],[0,0,0,0,0,0,0,0,0,2],[0,0,0,0,0,0,0,0,0,2],[0,0,0,0,0,0,0,0,0,2],[4,4,4,4,4,4,4,4,4,47],[34,39,1,1,1,1,1,1,40,31],[0,34,39,1,1,1,1,40,31,0],[0,0,34,44,44,44,44,31,0,0],[0,0,0,38,38,38,38,0,0,0],[0,0,0,0,0,0,0,0,0,0],[0,0,0,0,0,0,0,0,0,0],[0,0,0,0,0,0,0,0,0,0],[0,0,0,0,0,0,0,0,0,0],[0,0,0,0,0,0,0,0,0,0],[0,0,0,0,0,0,0,0,0,0],[0,0,0,0,0,0,0,0,0,0],[0,0,0,0,0,0,0,0,0,0],[0,0,0,0,0,0,0,0,0,0]],"barriers":[[16,-59.16481069042317,-339.08685968819594,0,65,159,1,1,0],[4,161.45833333333337,-343.75,0,145,151,1,1,0],[15,161.9861111111112,-321.125,0,200,200,1,1,0]]}