{"playerPos":{"x":-286.9565217391305,"y":-141.66304347826087,"z":0},"tileDataGrid":[[1,1,1,1,1,1,1,1,1,1],[1,1,1,1,1,1,1,1,1,1],[1,1,1,1,1,1,1,1,1,1],[1,40,5,5,5,5,5,5,39,1],[1,3,0,0,0,0,0,0,2,1],[1,3,0,0,0,0,0,0,2,1],[5,6,0,0,0,0,0,0,7,5],[0,0,0,0,0,0,0,0,0,0],[0,0,0,0,0,0,0,0,0,0],[0,0,0,0,0,0,0,0,0,0],[14,11,0,0,0,0,0,0,10,14],[0,0,0,0,0,0,0,0,0,0],[0,0,0,0,0,0,0,0,0,0],[0,0,0,0,0,0,0,0,0,0],[0,0,0,0,0,0,0,0,0,0],[0,0,0,0,0,0,0,0,0,0],[0,0,0,0,0,0,0,0,0,0],[0,0,0,0,0,0,0,0,0,0],[0,0,0,0,0,0,0,0,0,0],[0,0,0,0,0,0,0,0,0,0],[0,0,0,0,0,0,0,0,0,0],[0,0,0,0,0,0,0,0,0,0]],"barriers":[[7,224.3695652173913,-323.2717391304348,90,85,36,1,1,"sw:1"],[6,-121.82608695652175,67.01086956521738,0,200,70,1,1,"move:122|67"],[3,-123.54347826086959,192.2065217391305,0,164,184,1,1,"sw:1"],[16,-275.804347826087,184.68478260869574,0,65,159,-1,1,0],[4,293.4782608695652,175.27173913043487,0,145,151,1,1,0]]}