{"playerPos":{"x":-294.2857142857142,"y":7.14285714285711,"z":0},"playerDirection":1,"tileDataGrid":[[0,0,0,0,0,0,0,0,0,0],[0,0,0,0,0,0,0,0,0,0],[0,0,0,0,0,0,0,0,0,0],[0,0,0,0,0,0,0,0,0,0],[0,0,0,0,0,0,0,0,0,0],[36,0,0,36,0,0,36,0,0,36],[46,0,0,46,0,0,46,0,0,46],[1,1,1,1,1,1,1,1,1,1],[5,5,5,39,1,1,1,40,5,5],[0,0,0,34,39,1,40,31,0,0],[0,0,0,0,34,44,31,0,0,0],[0,0,0,0,0,38,0,0,0,0],[0,0,0,0,0,0,0,0,0,0],[0,0,0,0,0,0,0,0,0,0],[0,36,0,0,0,36,0,0,0,36],[4,46,4,4,4,46,4,4,4,46],[5,5,5,44,5,5,5,44,5,5],[0,0,0,38,0,0,0,38,0,0],[0,0,0,0,0,0,0,0,0,0],[0,0,0,0,0,0,0,0,0,0],[0,0,0,0,0,0,0,0,0,0],[0,0,0,0,0,0,0,0,0,0]],"barriers":[[16,-189.57142857142853,35.928571428571445,0,65,159,1,1,0],[17,307,33,0,172,197,1,1,0]]}