{"playerPos":{"x":-190,"y":86,"z":0},"playerDirection":1,"tileDataGrid":[[1,1,1,1,1,1,1,1,1,1],[1,1,1,1,1,1,1,1,1,1],[1,1,1,1,1,1,1,1,1,1],[1,1,1,1,1,1,1,1,1,1],[5,5,21,5,5,5,5,5,5,5],[0,0,15,0,0,0,0,0,0,0],[0,0,15,0,0,0,0,0,0,0],[0,0,15,0,0,0,0,0,0,0],[0,0,15,0,0,0,0,0,0,0],[0,0,12,0,0,0,0,0,0,0],[0,0,0,0,0,0,0,0,0,0],[0,0,0,0,0,0,0,0,0,0],[0,0,0,0,0,0,0,0,0,0],[0,0,0,0,0,0,0,0,0,0],[0,0,0,0,0,0,0,0,0,0],[0,0,0,0,0,0,0,0,0,0],[0,0,0,0,0,0,0,0,0,0],[0,0,0,0,0,0,0,0,0,0],[0,0,0,0,0,0,0,0,0,0],[0,0,0,0,0,0,0,0,0,0],[0,0,0,0,0,0,0,0,0,0],[0,0,0,0,0,0,0,0,0,0]],"barriers":[[17,147,-287,0,172,197,0.75,0.75,0],[0,134.04761904761904,222.09523809523807,0,164,164,0.8,0.8,0],[1,5.682539682539698,101,0,164,164,1,1,0],[6,264.69841269841265,-161.41269841269843,0,64,364,1,1,0],[1,264.2380952380952,100,0,164,164,1,1,0],[6,10.317460317460302,-163.03174603174602,0,64,364,1,1,0]]}