{"playerPos":{"x":-265.19851116625307,"y":236.35235732009926,"z":0},"playerDirection":1,"tileDataGrid":[[1,1,1,1,1,1,1,1,1,1],[1,1,1,1,1,1,1,1,1,1],[5,5,5,5,5,5,5,5,5,5],[0,0,0,0,0,0,0,0,0,0],[0,0,0,0,0,0,0,0,0,0],[0,0,10,14,14,14,14,14,14,14],[0,0,0,0,0,0,0,0,0,0],[0,0,0,0,0,0,0,32,33,0],[0,0,9,33,0,0,0,34,48,4],[0,0,34,48,33,0,0,0,34,5],[0,0,0,34,48,33,0,0,0,0],[14,14,11,0,34,48,33,0,0,0],[0,0,0,0,0,34,31,0,0,0],[0,0,0,0,0,0,0,0,0,0],[0,0,0,0,0,0,0,0,0,0],[0,0,0,0,0,0,0,0,0,0],[0,0,0,0,0,0,0,0,0,0],[0,0,0,0,0,0,0,0,0,0],[0,0,0,0,0,0,0,0,0,0],[0,0,0,0,0,0,0,0,0,0],[0,0,0,0,0,0,0,0,0,0],[0,0,0,0,0,0,0,0,0,0]],"barriers":[[0,333.47394540942923,70.58064516129036,0,164,164,0.5,0.5,0],[17,3,-195,0,172,197,1,1,0]]}