{"playerPos":{"x":137.86764705882354,"y":232.53676470588232,"z":0},"playerDirection":1,"tileDataGrid":[[1,1,1,1,1,1,1,1,1,1],[17,5,5,5,16,17,5,5,5,16],[3,0,0,0,2,3,0,0,0,2],[3,0,0,0,2,3,0,0,0,2],[45,14,14,14,43,3,0,0,0,2],[3,0,0,0,2,3,0,0,0,2],[3,0,0,0,2,3,0,0,0,2],[3,0,0,0,2,3,0,0,0,2],[45,14,14,14,5,6,0,0,0,2],[3,0,0,0,0,0,0,0,0,2],[3,0,0,0,0,0,0,0,0,2],[3,0,0,0,10,14,14,14,14,22],[41,33,0,0,0,0,0,0,0,2],[1,41,33,0,0,0,0,0,0,2],[1,1,41,4,4,4,4,4,4,42],[1,1,1,1,1,1,1,1,1,1],[5,5,5,5,5,5,5,5,5,5],[0,0,0,0,0,0,0,0,0,0],[0,0,0,0,0,0,0,0,0,0],[0,0,0,0,0,0,0,0,0,0],[0,0,0,0,0,0,0,0,0,0],[0,0,0,0,0,0,0,0,0,0]],"barriers":[[4,153,-495,0,145,151,1,1,0],[11,18.64705882352939,-6.433823529411825,0,150,150,0.5,0.5,"sw:11"],[3,-149.47058823529414,29.492647058823536,0,164,184,0.8,0.8,0]]}