{"playerPos":{"x":-335,"y":157,"z":0},"playerDirection":1,"tileDataGrid":[[1,1,1,1,1,1,1,1,1,1],[1,1,1,1,1,1,1,1,1,1],[1,1,1,1,1,1,1,1,1,1],[1,1,1,1,17,5,5,5,5,5],[1,1,1,1,3,0,0,0,0,0],[1,1,1,1,3,0,0,0,0,0],[1,1,1,1,3,0,0,0,0,0],[1,1,1,1,3,0,0,0,0,0],[1,1,1,1,3,0,0,0,0,0],[1,40,5,5,31,0,0,0,0,0],[5,31,0,0,0,0,0,0,0,0],[0,0,0,0,0,0,0,0,0,0],[0,0,0,0,0,0,0,0,0,0],[0,0,0,0,0,0,0,0,0,0],[0,0,0,0,0,0,0,0,0,0],[0,0,0,0,0,0,0,0,0,0],[0,0,0,0,0,0,0,0,0,0],[0,0,0,0,0,0,0,0,0,0],[0,0,0,0,0,0,0,0,0,0],[0,0,0,0,0,0,0,0,0,0],[0,0,0,0,0,0,0,0,0,0],[0,0,0,0,0,0,0,0,0,0]],"barriers":[[17,241,-363,0,172,197,0.75,0.75,0],[11,252.20634920634916,-131.93650793650795,0,220,54,1,1,0],[0,-127,73,0,164,164,0.5,0.5,0],[6,124.22222222222223,-287.71428571428567,0,44,264,1,1,0],[6,352.984126984127,-288.7301587301587,0,44,264,1,1,0]]}