{"playerPos":{"x":295.9558823529411,"y":159.00735294117646,"z":0},"playerDirection":1,"tileDataGrid":[[1,1,1,1,1,1,1,1,1,1],[1,1,1,1,1,1,1,1,1,1],[5,5,5,5,5,5,5,5,5,5],[0,0,0,0,0,0,0,0,0,0],[0,0,0,0,0,0,0,0,0,0],[0,0,0,0,0,0,0,0,0,0],[4,4,4,4,4,8,0,0,0,0],[44,5,5,5,5,31,0,0,0,0],[12,0,0,0,0,0,0,0,0,0],[0,0,0,0,0,0,0,0,0,0],[0,0,0,0,0,0,0,10,14,14],[0,0,0,0,0,0,0,0,0,0],[0,0,0,0,0,0,0,0,0,0],[0,0,0,0,0,0,0,0,0,0],[0,0,0,0,0,0,0,0,0,0],[4,4,4,4,4,4,4,4,4,4],[1,1,1,1,1,1,1,1,1,1],[1,1,1,1,1,1,1,1,1,1],[0,0,0,0,0,0,0,0,0,0],[0,0,0,0,0,0,0,0,0,0],[0,0,0,0,0,0,0,0,0,0],[0,0,0,0,0,0,0,0,0,0]],"barriers":[[4,56.49999999999994,-420.68382352941177,0,145,151,1,1,0],[3,-69.85294117647061,-449.4485294117647,0,164,184,0.5,0.5,"sw:1"],[7,-297.79411764705884,-87.31617647058829,-90,85,36,0.7,0.7,"sw:1"]]}