{"playerPos":{"x":-246.32352941176472,"y":234.3749999999999,"z":0},"playerDirection":1,"tileDataGrid":[[1,1,1,1,1,1,1,1,1,1],[5,5,5,5,5,5,39,1,1,1],[33,0,0,0,0,0,7,5,5,5],[41,33,0,0,0,0,0,0,0,0],[39,41,33,0,0,0,0,0,0,0],[34,39,41,4,4,4,4,4,4,4],[0,7,5,5,5,5,5,5,5,5],[0,0,0,0,0,0,0,0,0,0],[33,0,0,0,0,0,0,0,0,0],[41,33,0,0,9,8,0,0,0,0],[1,41,33,0,2,41,4,4,4,4],[5,5,6,0,7,5,5,5,5,5],[0,0,0,0,0,0,0,0,0,0],[0,0,0,0,0,0,0,0,0,0],[0,0,0,0,0,0,0,0,0,0],[0,0,0,0,0,0,0,0,0,0],[0,0,0,0,0,0,0,0,0,0],[0,0,0,0,0,0,0,0,0,0],[0,0,0,0,0,0,0,0,0,0],[0,0,0,0,0,0,0,0,0,0],[0,0,0,0,0,0,0,0,0,0],[0,0,0,0,0,0,0,0,0,0]],"barriers":[[4,295.1470588235294,-118.56617647058829,0,145,151,1,1,0],[3,163.8970588235294,-138.78676470588243,0,164,184,0.6,0.6,"sw:1"],[7,-60.661764705882376,-193.93382352941182,0,85,36,1,1,"sw:1"],[4,-20.220588235294144,-495.40441176470586,0,145,151,-1,1,0],[3,163.6029411764705,-440.25735294117646,0,164,184,0.6,0.6,"sw:1"]]}