{"playerPos":{"x":-221.5735294117647,"y":308.9485294117645,"z":0},"playerDirection":1,"tileDataGrid":[[0,0,0,0,0,0,0,0,0,0],[4,4,4,4,4,4,4,4,4,4],[5,5,5,5,5,5,5,5,5,5],[0,0,0,0,0,0,0,0,0,0],[4,4,4,33,0,0,0,0,0,0],[1,1,1,45,35,0,0,0,0,0],[1,1,40,31,0,32,4,4,4,4],[1,40,31,0,32,42,1,1,1,1],[1,41,33,0,34,39,1,1,1,1],[1,1,41,33,0,34,39,1,1,1],[1,1,1,41,33,0,34,39,1,1],[1,1,1,40,31,0,32,42,1,1],[5,5,5,31,0,37,5,5,5,5],[0,0,0,0,0,0,0,0,0,0],[0,0,0,0,0,0,0,0,0,0],[0,0,0,0,0,0,0,0,0,0],[0,0,0,0,0,0,0,0,0,0],[0,0,0,0,0,0,0,0,0,0],[0,0,0,0,0,0,0,0,0,0],[0,0,0,0,0,0,0,0,0,0],[0,0,0,0,0,0,0,0,0,0],[0,0,0,0,0,0,0,0,0,0]],"barriers":[[4,291.38235294117646,-419.3602941176471,0,145,151,1,1,0],[4,-21,-435,0,145,151,-0.8,0.8,0],[3,119.80882352941171,-431.49264705882354,0,164,184,0.7,0.7,0]]}