{"playerPos":{"x":-6.513647642679871,"y":9.305210918114199,"z":0},"playerDirection":1,"tileDataGrid":[[5,5,5,21,5,5,21,5,5,5],[2,1,1,15,0,0,15,1,1,3],[2,1,1,15,0,0,15,1,1,3],[2,1,1,15,0,0,15,1,1,3],[2,1,1,15,14,14,15,1,1,3],[2,1,1,15,0,0,15,1,1,3],[7,5,5,15,0,0,15,5,5,6],[0,0,0,15,0,0,15,0,0,0],[0,0,0,15,14,14,15,0,0,0],[0,0,0,15,0,0,15,0,0,0],[0,0,0,12,0,0,12,0,0,0],[0,0,0,0,0,0,0,0,0,0],[0,0,0,0,0,0,0,0,0,0],[0,0,0,0,0,0,0,0,0,0],[0,0,0,0,0,0,0,0,0,0],[0,0,0,0,0,0,0,0,0,0],[0,0,0,0,0,0,0,0,0,0],[0,0,0,0,0,0,0,0,0,0],[0,0,0,0,0,0,0,0,0,0],[0,0,0,0,0,0,0,0,0,0],[0,0,0,0,0,0,0,0,0,0],[0,0,0,0,0,0,0,0,0,0]],"barriers":[[4,304.2803970223325,-118.24565756823813,0,145,151,1,1,0],[4,-302.4193548387097,-118.3573200992555,0,145,151,-1,1,0],[3,195.33995037220848,-147.43920595533496,0,164,184,0.5,0.5,"sw:1"],[3,-195.0620347394541,-146.55086848635233,0,164,184,0.5,0.5,"sw:2"],[3,1.0694789081886142,-262.76674937965254,0,164,184,0.9,0.9,"sw:1"],[7,113.3151364764268,102.35732009925562,0,85,36,0.8,0.8,"sw:1"]]}