{"playerPos":{"x":261.31017369727044,"y":-365.4590570719603,"z":0},"playerDirection":1,"tileDataGrid":[[1,1,1,1,1,1,1,1,1,1],[1,1,1,1,1,1,1,1,1,1],[1,1,1,1,1,1,1,1,1,1],[1,1,1,1,1,1,17,5,5,5],[1,1,1,1,1,1,3,0,0,0],[1,1,1,1,1,1,3,0,0,0],[1,1,1,40,5,5,31,0,0,0],[1,40,5,31,0,0,0,0,0,0],[40,31,0,0,0,0,0,0,0,0],[3,0,0,0,0,0,0,0,0,0],[3,0,0,0,0,0,0,0,0,0],[3,0,0,0,0,0,32,4,4,4],[3,0,0,0,0,32,42,1,1,1],[3,0,0,0,32,42,1,1,1,1],[3,0,0,32,42,1,1,1,1,1],[41,4,4,42,1,1,1,1,1,1],[1,1,1,1,1,1,1,1,1,1],[5,5,5,5,5,5,5,5,5,5],[0,0,0,0,0,0,0,0,0,0],[0,0,0,0,0,0,0,0,0,0],[0,0,0,0,0,0,0,0,0,0],[0,0,0,0,0,0,0,0,0,0]],"barriers":[[4,-10,-120,0,145,151,1,1,0],[4,-99.56575682382135,127.2729528535981,0,145,151,1,1,0],[0,-194.17369727047145,-69.3027295285359,0,164,164,0.6,0.6,0],[6,-99.56575682382135,20.888337468982627,0,64,64,1,1,0]]}