{"playerPos":{"x":-234,"y":158,"z":0},"playerDirection":1,"tileDataGrid":[[1,1,1,1,1,1,1,1,1,1],[1,1,1,1,1,1,1,1,1,1],[1,1,1,1,17,5,5,5,5,5],[1,1,1,1,3,0,0,0,0,0],[1,1,1,1,3,0,0,0,0,0],[1,1,1,1,3,0,0,0,0,0],[1,1,1,1,3,0,0,0,0,0],[1,1,1,1,3,0,0,0,0,0],[1,1,1,17,6,0,0,0,0,0],[1,1,1,3,0,0,0,0,0,0],[5,5,5,6,0,0,0,0,0,0],[0,0,0,0,0,0,0,0,0,0],[0,0,0,0,0,0,0,0,0,0],[0,0,0,0,0,0,0,0,0,0],[0,0,0,0,0,0,0,0,0,0],[0,0,0,0,0,0,0,0,0,0],[0,0,0,0,0,0,0,0,0,0],[0,0,0,0,0,0,0,0,0,0],[0,0,0,0,0,0,0,0,0,0],[0,0,0,0,0,0,0,0,0,0],[0,0,0,0,0,0,0,0,0,0],[0,0,0,0,0,0,0,0,0,0]],"barriers":[[11,39,-364,0,64,264,1,1,0],[11,287.06349206349205,-365.0952380952381,0,64,264,1,1,0],[17,171,-435,0,172,197,0.75,0.75,0],[11,186.71428571428567,-197.4603174603174,0,264,64,1,1,0]]}