{"playerPos":{"x":-286.58560794044666,"y":-142.32754342431758,"z":0},"playerDirection":1,"tileDataGrid":[[2,1,1,1,1,1,1,1,1,1],[2,17,5,16,17,5,21,5,5,21],[2,3,0,2,3,0,15,0,0,15],[2,3,0,2,3,0,15,0,0,15],[2,3,0,7,6,0,15,0,0,15],[2,3,0,0,0,0,15,14,14,15],[7,6,0,0,0,0,15,0,0,15],[0,0,0,0,0,0,15,0,0,15],[0,0,0,0,0,0,15,14,14,15],[0,0,0,0,0,0,15,0,0,15],[0,0,0,0,0,0,15,0,0,15],[0,0,0,0,0,0,15,0,0,15],[0,0,0,0,0,0,7,14,14,6],[0,0,0,0,0,0,0,0,0,0],[0,0,0,0,0,0,0,0,0,0],[0,0,0,0,0,0,0,0,0,0],[0,0,0,0,0,0,0,0,0,0],[0,0,0,0,0,0,0,0,0,0],[0,0,0,0,0,0,0,0,0,0],[0,0,0,0,0,0,0,0,0,0],[0,0,0,0,0,0,0,0,0,0],[0,0,0,0,0,0,0,0,0,0]],"barriers":[[4,205,-515,0,145,151,0.75,0.75,0],[4,201,13,0,145,151,0.75,0.75,0],[3,222,-197,0,164,184,0.8,0.8,"sw:1"],[7,36.59553349875932,-567.8411910669975,0,85,36,0.8,0.8,"sw:1"]]}